,GP,sent_to_AS,career-years,avg-all-star
aaronha01,24.0,25.0,22.49041095890411,1.1115848459008404
aasedo01,1.0,1.0,13.197260273972603,0.07577330288561346
abreubo01,2.0,2.0,18.084931506849315,0.11058930465081047
abreujo02,1.0,1.0,2.5095890410958903,0.39847161572052403
adamsac01,0.0,1.0,5.027397260273973,0.1989100817438692
adcocjo01,2.0,2.0,16.45205479452055,0.12156536219816819
ageeto01,2.0,2.0,11.052054794520547,0.18096182449181955
aguilri01,3.0,3.0,15.246575342465754,0.1967654986522911
aguirha01,1.0,2.0,14.797260273972602,0.1351601555267543
alexado01,0.0,1.0,18.268493150684932,0.054739052189562085
alfoned01,1.0,1.0,11.134246575342466,0.08981299212598425
allendi01,6.0,7.0,13.802739726027397,0.5071456927352124
allenjo02,1.0,1.0,12.446575342465753,0.0803433854281312
alleyge01,1.0,2.0,10.07123287671233,0.1985854189336235
allisbo01,2.0,3.0,12.043835616438356,0.24909008189262966
alomaro01,12.0,12.0,16.383561643835616,0.7324414715719063
alomasa01,1.0,1.0,14.04931506849315,0.07117784711388456
alomasa02,6.0,6.0,19.01095890410959,0.3156074362300043
aloufe01,2.0,3.0,15.887671232876713,0.18882565959648215
alouma01,2.0,2.0,13.742465753424657,0.14553429027113238
aloumo01,6.0,6.0,17.887671232876713,0.3354265584316128
altmage01,3.0,3.0,8.479452054794521,0.35379644588045234
altuvjo01,4.0,4.0,5.208219178082191,0.7680168332456603
alvarhe01,0.0,1.0,3.7835616438356166,0.26430123099203473
alvarpe01,1.0,1.0,6.298630136986302,0.15876468029578078
alvarwi01,1.0,1.0,16.19178082191781,0.06175972927241962
alvisma01,2.0,2.0,8.04931506849315,0.24846834581347857
anderbr01,3.0,3.0,14.134246575342466,0.21225043613103314
anderga01,3.0,3.0,16.03835616438356,0.18705158865732832
andremi01,1.0,1.0,7.035616438356165,0.14213395638629284
andrena01,0.0,1.0,9.150684931506849,0.10928143712574852
andruel01,2.0,2.0,7.495890410958904,0.266812865497076
andujjo01,1.0,4.0,12.487671232876712,0.3203159280386134
antonjo02,3.0,6.0,13.178082191780822,0.45530145530145527
aparilu01,10.0,13.0,17.46027397260274,0.7445473089596737
appieke01,1.0,1.0,14.895890410958904,0.06713260989516277
applilu01,4.0,7.0,20.07123287671233,0.34875784875784877
archech01,1.0,1.0,4.279452054794521,0.23367477592829702
arenano01,2.0,2.0,3.4328767123287673,0.5826017557861133
armasto01,1.0,2.0,13.076712328767123,0.15294364131573435
armstja01,1.0,1.0,5.824657534246575,0.17168391345249295
arnovmo01,0.0,1.0,9.605479452054794,0.10410724472333144
arrieja01,0.0,1.0,6.306849315068493,0.1585577758470895
arrojro01,1.0,1.0,4.47945205479452,0.22324159021406728
arroybr01,1.0,1.0,14.016438356164384,0.07134480062548866
arroylu01,0.0,2.0,8.10958904109589,0.2466216216216216
ashburi01,4.0,6.0,14.454794520547946,0.4150871872630781
ashbyan01,2.0,2.0,13.273972602739725,0.15067079463364294
atwelto01,0.0,1.0,4.457534246575342,0.22433927473878304
aurilri01,1.0,1.0,14.087671232876712,0.07098405289770518
ausmubr01,1.0,1.0,17.194520547945206,0.05815806246016571
averiea01,5.0,6.0,12.032876712328767,0.49863387978142076
averyst01,1.0,1.0,13.10958904109589,0.07628004179728318
avilaal01,1.0,1.0,7.161643835616438,0.1396327467482785
avilabo01,3.0,3.0,10.421917808219177,0.2878548895899054
aybarer01,1.0,1.0,10.386301369863014,0.09628066473226062
azcuejo01,1.0,1.0,12.164383561643836,0.0822072072072072
baergca01,3.0,3.0,15.473972602739726,0.19387393767705383
baezda01,0.0,1.0,10.180821917808219,0.09822389666307858
bagbyji02,0.0,2.0,9.443835616438356,0.2117783579924572
bagweje01,4.0,4.0,14.495890410958904,0.2759402759402759
bailean01,1.0,2.0,7.495890410958904,0.266812865497076
baileed01,4.0,6.0,12.58904109589041,0.47660500544069645
baineha01,6.0,6.0,21.47945205479452,0.27933673469387754
bakerdu01,2.0,2.0,18.084931506849315,0.11058930465081047
bakerge02,1.0,1.0,7.726027397260274,0.12943262411347517
baldwja01,1.0,1.0,10.424657534246576,0.09592641261498029
balfogr01,1.0,1.0,13.747945205479452,0.07273814268632922
bandosa01,3.0,4.0,15.093150684931507,0.26502087493192955
bankser01,13.0,14.0,18.035616438356165,0.7762418350296217
bannifl01,1.0,1.0,15.32054794520548,0.06527181688125894
barbest01,0.0,2.0,14.284931506849315,0.14000767165324127
barfije01,1.0,1.0,10.794520547945206,0.09263959390862944
barkele01,1.0,1.0,11.038356164383561,0.09059319930503848
barrere01,0.0,1.0,12.046575342465754,0.08301114396179213
bartedi01,2.0,2.0,18.654794520547945,0.10721104420619768
bartlja01,1.0,1.0,9.67945205479452,0.10331163317294084
basske01,1.0,1.0,13.487671232876712,0.07414178346536665
batisto01,2.0,2.0,11.331506849315069,0.1764990328820116
batteea01,5.0,5.0,12.054794520547945,0.4147727272727273
bauerha01,3.0,3.0,12.87945205479452,0.23292916400765795
bautijo02,5.0,6.0,12.504109589041096,0.4798422436459246
bayja01,2.0,3.0,10.183561643835617,0.294592413236481
baylodo01,1.0,1.0,18.04931506849315,0.05540376442015786
beckegl01,4.0,4.0,10.046575342465754,0.39814562312517043
beckejo02,1.0,3.0,12.92054794520548,0.2321882951653944
beckro01,2.0,3.0,13.284931506849315,0.22581975665085585
bedrost01,1.0,1.0,13.994520547945205,0.07145653876272513
belanma01,1.0,1.0,17.164383561643834,0.05826017557861134
bellbe01,0.0,1.0,6.383561643835616,0.15665236051502146
bellbu01,5.0,5.0,17.183561643835617,0.29097576530612246
belleal01,4.0,5.0,11.221917808219178,0.445556640625
bellga01,2.0,4.0,11.29041095890411,0.3542829410337297
bellge02,3.0,3.0,12.490410958904109,0.24018425093222198
bellgu01,4.0,4.0,13.931506849315069,0.2871189773844641
bellhe01,3.0,3.0,9.695890410958905,0.3094094376942639
belliro01,1.0,1.0,11.991780821917809,0.08339045007996344
bellja01,2.0,2.0,17.008219178082193,0.11759020618556701
beltbr01,1.0,1.0,5.512328767123288,0.18141153081510936
beltrad01,4.0,4.0,18.28767123287671,0.21872659176029963
beltrca01,8.0,9.0,18.063013698630137,0.4982557257697558
benchjo01,12.0,14.0,16.0986301369863,0.869639210347175
benedbr01,2.0,2.0,11.073972602739726,0.1806036615536863
benesan01,1.0,1.0,13.142465753424657,0.07608922243068585
benitar01,0.0,2.0,13.868493150684932,0.1442117740023706
bentoal01,1.0,2.0,18.44109589041096,0.10845342445401872
bereja01,1.0,1.0,10.005479452054795,0.09994523548740417
bergewa01,3.0,4.0,10.227397260273973,0.39110634878114114
berkmla01,6.0,6.0,14.183561643835617,0.42302491790612323
berrayo01,15.0,18.0,18.64109589041096,0.9656084656084656
berryke01,1.0,1.0,12.73150684931507,0.07854529804174736
betande01,2.0,3.0,5.03013698630137,0.5964052287581699
bettsmo01,1.0,1.0,2.263013698630137,0.4418886198547216
bibbyji01,1.0,1.0,11.73150684931507,0.08524054180289584
bicheda01,4.0,4.0,13.093150684931507,0.3055032433563507
bickfve01,1.0,1.0,6.002739726027397,0.16659059790050204
biggicr01,7.0,7.0,19.273972602739725,0.36318407960199006
billich01,1.0,1.0,9.095890410958905,0.10993975903614457
billija01,0.0,1.0,12.2,0.0819672131147541
blackch02,1.0,1.0,5.326027397260274,0.18775720164609053
blackew01,6.0,6.0,13.0,0.46153846153846156
blairpa01,2.0,2.0,15.789041095890411,0.12667013708138122
blaloha01,2.0,2.0,8.243835616438357,0.24260551678298437
blantcy01,1.0,2.0,7.6219178082191785,0.26240115025161753
blasido01,1.0,1.0,10.942465753424658,0.0913870806209314
blassst01,1.0,1.0,9.942465753424658,0.10057867181041609
blausje01,2.0,2.0,12.254794520547945,0.16320143080706462
bluegos01,1.0,1.0,17.23013698630137,0.05803784385434886
bluevi01,4.0,6.0,17.213698630136985,0.34855960528409996
blylebe01,2.0,2.0,22.34794520547945,0.08949368640431532
bochtbr01,1.0,1.0,12.221917808219178,0.08182021968168572
boddimi01,0.0,1.0,12.698630136986301,0.07874865156418555
bogaexa01,1.0,1.0,3.1205479452054794,0.32045654082528535
boggswa01,12.0,12.0,17.39178082191781,0.6899810964083175
bollifr01,4.0,4.0,12.432876712328767,0.32172763331864257
bondsba01,13.0,14.0,21.339726027397262,0.6560534086532288
bondsbo01,3.0,3.0,13.284931506849315,0.22581975665085585
bonesri01,0.0,1.0,10.158904109589042,0.09843581445523193
bonhati01,0.0,2.0,9.065753424657535,0.22061045633121787
bonilbo01,6.0,6.0,15.506849315068493,0.38692579505300356
booneaa01,1.0,1.0,12.2986301369863,0.08130986856760972
boonebo01,4.0,4.0,18.057534246575344,0.2215141860112274
boonebr01,2.0,3.0,12.953424657534246,0.23159898477157362
boonera01,2.0,2.0,11.945205479452055,0.16743119266055045
bordimi01,1.0,1.0,13.473972602739726,0.07421716144774299
borowha01,1.0,2.0,9.413698630136986,0.21245634458672877
bottari01,1.0,1.0,10.98904109589041,0.09099975068561457
botteke01,1.0,1.0,8.931506849315069,0.11196319018404907
boudrlo01,5.0,8.0,13.967123287671233,0.5727736367202825
bournmi01,2.0,2.0,10.183561643835617,0.19639494215765402
boutoji01,1.0,1.0,16.44931506849315,0.06079280479680214
bowala01,5.0,5.0,15.509589041095891,0.3223812047341459
boxbebr01,,1.0,4.315068493150685,0.23174603174603176
boyerke01,10.0,11.0,14.336986301369864,0.7672463214217465
brachbr01,0.0,1.0,5.090410958904109,0.19644779332615717
bradlja02,1.0,1.0,3.506849315068493,0.28515625
bradlmi01,1.0,1.0,10.808219178082192,0.09252217997465145
bradlph01,1.0,1.0,7.079452054794521,0.14125386996904024
brancra01,1.0,3.0,12.246575342465754,0.24496644295302014
brandja01,1.0,2.0,11.372602739726027,0.175861238255842
brantje01,1.0,1.0,12.805479452054794,0.0780915703893881
brantmi02,1.0,1.0,6.69041095890411,0.14946764946764945
braunry02,5.0,6.0,9.361643835616439,0.6409130816505706
brechha01,1.0,2.0,13.402739726027397,0.1492232215862633
brenlbo01,1.0,1.0,8.136986301369863,0.1228956228956229
bressed01,0.0,1.0,11.29041095890411,0.08857073525843243
brettge01,10.0,13.0,20.183561643835617,0.6440885027826795
brettke01,1.0,1.0,14.027397260273972,0.0712890625
breweji01,1.0,1.0,15.863013698630137,0.06303972366148532
breweto01,1.0,1.0,7.449315068493151,0.13424052960647295
bridgro01,0.0,1.0,10.465753424657533,0.09554973821989529
bridgto01,2.0,6.0,15.945205479452055,0.37628865979381443
brinked01,1.0,1.0,14.068493150684931,0.07108081791626096
brisslo01,1.0,1.0,5.931506849315069,0.16859122401847573
brittza01,2.0,2.0,5.504109589041096,0.3633648581383773
brocklo01,5.0,6.0,18.065753424657533,0.33212010919017293
brookhu01,2.0,2.0,13.832876712328767,0.14458308575955633
brosisc01,1.0,1.0,10.172602739726027,0.0983032588203609
brownch02,1.0,1.0,4.701369863013698,0.21270396270396272
browndo01,1.0,1.0,5.101369863013699,0.19602577873254565
brownji03,1.0,1.0,9.402739726027397,0.10635198135198136
brownke01,5.0,6.0,18.824657534246576,0.31873089797700477
brownma01,1.0,1.0,11.315068493150685,0.08837772397094432
brownto05,0.0,1.0,10.695890410958905,0.09349385245901638
broxtjo01,1.0,2.0,11.186301369863013,0.17879010531471956
bruceja01,3.0,3.0,8.356164383561644,0.3590163934426229
brunato01,1.0,1.0,13.345205479452055,0.07493327858755902
bryankr01,2.0,2.0,1.463013698630137,1.3670411985018727
buchhcl01,0.0,2.0,9.123287671232877,0.21921921921921922
buckjo01,1.0,1.0,10.265753424657534,0.0974112623432079
bucknbi01,1.0,1.0,20.7013698630137,0.04830598200105876
buehrma01,3.0,5.0,15.227397260273973,0.3283555235696294
bufordo01,1.0,1.0,9.06027397260274,0.11037193831267009
buhlbo01,1.0,2.0,14.043835616438356,0.14241123683183768
buhneja01,1.0,1.0,14.082191780821917,0.07101167315175097
bumbral01,1.0,1.0,13.09041095890411,0.07639179573043114
bumgama01,1.0,4.0,7.065753424657534,0.5661108956960063
bunniji01,8.0,9.0,16.134246575342466,0.5578196637799286
burdele01,2.0,3.0,16.813698630136987,0.17842594101352452
burgesm01,7.0,9.0,18.46301369863014,0.48746104763317993
burgmto01,0.0,1.0,16.397260273972602,0.060985797827903095
burkejo03,2.0,2.0,16.041095890410958,0.1246797608881298
burketi01,1.0,1.0,7.463013698630137,0.13399412628487517
burksel01,1.0,2.0,17.438356164383563,0.11468970934799684
burleri01,3.0,4.0,13.186301369863013,0.30334510700186995
burneaj01,,1.0,16.13972602739726,0.06195892038703107
burnije01,1.0,1.0,13.276712328767124,0.07531985142385472
burnsbr01,0.0,1.0,7.158904109589041,0.13968618446230388
burroje01,1.0,2.0,15.224657534246575,0.13136584488033112
busbyji01,1.0,1.0,12.216438356164383,0.08185691859161247
busbyst01,1.0,2.0,7.96986301369863,0.2509453420419388
butlebi03,1.0,1.0,9.43013698630137,0.10604299825682742
butlebr01,1.0,1.0,16.117808219178084,0.062043175250722414
byrdma01,1.0,1.0,13.736986301369862,0.07279617072197847
byrdpa01,0.0,1.0,14.194520547945206,0.07044972013124878
byrneto01,0.0,1.0,14.413698630136986,0.06937844516251664
cabreas01,2.0,2.0,9.158904109589042,0.21836673646425364
cabreev01,0.0,1.0,6.158904109589041,0.16236654804270464
cabreme01,1.0,1.0,11.246575342465754,0.08891595615103533
cabremi01,10.0,11.0,13.295890410958904,0.8273233051720585
cahiltr01,0.0,1.0,7.487671232876712,0.13355287230150018
cainlo01,1.0,1.0,6.156164383561644,0.16243880729862037
cainma01,1.0,3.0,11.07123287671233,0.2709725315515961
caldeiv01,1.0,1.0,9.153424657534247,0.10924872792577073
callijo01,3.0,4.0,14.947945205479453,0.26759530791788855
camermi01,1.0,1.0,16.054794520547944,0.062286689419795226
camildo01,1.0,2.0,12.046575342465754,0.16602228792358426
caminke01,3.0,3.0,14.238356164383562,0.21069847989224552
campabe01,5.0,6.0,19.202739726027396,0.3124554144671137
camparo01,7.0,8.0,9.449315068493151,0.8466222093360394
campbbi02,1.0,1.0,13.802739726027397,0.07244938467645891
candejo01,0.0,1.0,18.09315068493151,0.0552695336159903
cannich01,0.0,1.0,14.457534246575342,0.0691680879287474
canoro01,6.0,7.0,11.424657534246576,0.6127098321342925
cansejo01,2.0,6.0,16.104109589041094,0.37257570602245665
cappsma01,1.0,1.0,7.027397260273973,0.14230019493177387
caprabu01,0.0,1.0,6.035616438356165,0.16568315932818883
capuach01,0.0,1.0,13.068493150684931,0.07651991614255765
cardele01,4.0,5.0,15.180821917808219,0.3293629308789027
carewro01,15.0,18.0,18.4986301369863,0.9730450236966826
carltst01,5.0,10.0,23.046575342465754,0.43390394674274846
carmofa01,0.0,1.0,10.331506849315069,0.0967913020418987
carpech01,1.0,3.0,15.402739726027397,0.19477054429028817
carpema01,1.0,3.0,5.3342465753424655,0.5624036979969184
carrach01,4.0,4.0,9.438356164383562,0.42380261248185774
carrocl02,0.0,2.0,14.087671232876712,0.14196810579541036
cartega01,10.0,11.0,18.043835616438358,0.6096264804129972
cartejo01,5.0,5.0,15.175342465753424,0.3294818559306734
cartela02,0.0,1.0,6.698630136986301,0.14928425357873212
cartyri01,1.0,1.0,16.03287671232877,0.062371838687628155
casanpa01,0.0,1.0,8.98082191780822,0.1113483831604637
casege01,1.0,4.0,9.906849315068493,0.40376106194690264
caseyse01,2.0,3.0,11.052054794520547,0.27144273673772934
cashda01,3.0,3.0,11.068493150684931,0.27103960396039606
cashno01,5.0,5.0,16.145205479452056,0.30968946207364667
castilu01,3.0,3.0,14.161643835616438,0.2118398142774231
castivi02,2.0,2.0,15.084931506849315,0.1325826371231384
castrja01,0.0,1.0,6.279452054794521,0.15924956369982546
castrst01,3.0,3.0,6.4082191780821915,0.46814878153056866
caudibi01,1.0,1.0,8.216438356164383,0.12170723574524842
cavarph01,3.0,4.0,20.654794520547945,0.19365963655657248
cecilbr01,1.0,1.0,7.416438356164384,0.13483561137790911
cedence01,4.0,4.0,15.961643835616439,0.25060075523515274
cepedor01,9.0,11.0,16.44109589041096,0.6690551574737543
cervbo01,1.0,1.0,11.0,0.09090909090909091
cespeyo01,1.0,2.0,4.515068493150685,0.44296116504854366
ceyro01,6.0,6.0,15.865753424657534,0.3781730271110344
chacosh01,0.0,1.0,7.145205479452055,0.13995398773006135
chalkda01,1.0,2.0,8.068493150684931,0.24787775891341257
chambch01,1.0,1.0,16.958904109589042,0.05896607431340872
chancde01,2.0,2.0,9.915068493150685,0.2017131804365847
chandsp01,1.0,4.0,10.397260273972602,0.3847167325428195
chapmar01,4.0,4.0,6.090410958904109,0.656770130454341
chapmbe01,4.0,4.0,16.084931506849315,0.24867995230795434
chapmsa01,1.0,1.0,13.361643835616439,0.07484109083452942
charlno01,1.0,1.0,13.142465753424657,0.07608922243068585
chrisru01,0.0,1.0,6.471232876712329,0.15453005927180355
cimolgi01,1.0,1.0,9.054794520547945,0.11043872919818457
cirilje01,2.0,2.0,13.397260273972602,0.14928425357873212
clancji01,1.0,1.0,14.205479452054794,0.0703953712632594
clarkja01,4.0,4.0,16.972602739726028,0.23567393058918482
clarkto02,1.0,1.0,13.865753424657534,0.07212013436079827
clarkwi02,6.0,6.0,14.493150684931507,0.41398865784499056
claytro01,1.0,1.0,16.03835616438356,0.062350529552442774
clearma01,1.0,2.0,11.123287671232877,0.17980295566502463
clemema01,1.0,1.0,7.7753424657534245,0.12861169837914024
clemero01,14.0,15.0,17.476712328767125,0.8582849976485342
clemero02,10.0,11.0,23.353424657534248,0.47102299389957764
cliftha01,0.0,1.0,11.435616438356165,0.08744609487302347
clippty01,2.0,2.0,9.375342465753425,0.21332554061952075
coateji01,1.0,2.0,11.03013698630137,0.18132141082960754
cochrmi01,1.0,2.0,12.12054794520548,0.16500904159132007
colavro01,9.0,9.0,13.06027397260274,0.6891126494650723
colbena01,3.0,3.0,10.473972602739726,0.28642427413026417
colboji01,0.0,1.0,9.224657534246575,0.10840510840510842
colege01,1.0,1.0,3.2575342465753425,0.3069806560134567
colemje01,1.0,1.0,8.449315068493151,0.11835278858625162
colemjo04,1.0,1.0,12.975342465753425,0.07706925675675676
colemjo05,0.0,1.0,13.997260273972604,0.07144255235858289
colemvi01,2.0,2.0,11.997260273972604,0.16670472710664533
colliri02,3.0,3.0,10.454794520547946,0.28694968553459116
colomal01,0.0,1.0,3.345205479452055,0.2989352989352989
colonba01,2.0,4.0,19.506849315068493,0.2050561797752809
conceda01,7.0,9.0,18.457534246575342,0.4876057592400178
coneda01,5.0,5.0,16.980821917808218,0.2944498225233947
conigto01,1.0,1.0,11.161643835616438,0.0895925380461463
coninje01,1.0,2.0,17.04931506849315,0.11730676522577535
conlege01,3.0,4.0,11.435616438356165,0.3497843794920939
consusa01,1.0,1.0,6.96986301369863,0.1434748427672956
contrjo01,0.0,1.0,10.164383561643836,0.09838274932614555
cookaa01,1.0,1.0,10.142465753424657,0.09859535386277687
cookry01,1.0,1.0,4.161643835616438,0.2402896642527979
coomero01,1.0,1.0,8.164383561643836,0.12248322147651006
coopece01,5.0,5.0,15.852054794520548,0.31541652264085723
coopemo01,2.0,4.0,10.652054794520549,0.37551440329218105
coopesc01,2.0,2.0,7.068493150684931,0.28294573643410853
coopewa01,6.0,8.0,16.997260273972604,0.4706640876853643
corajo01,1.0,1.0,11.484931506849316,0.08707061068702289
corbedo01,0.0,1.0,7.306849315068493,0.13685789276340457
corbipa01,1.0,1.0,4.421917808219178,0.22614622057001238
cordech01,1.0,1.0,6.863013698630137,0.14570858283433133
cordefr01,2.0,3.0,13.008219178082191,0.2306234203875316
cordewi01,1.0,1.0,12.991780821917809,0.07697174188106284
correke01,0.0,1.0,11.991780821917809,0.08339045007996344
coscape01,1.0,1.0,8.063013698630137,0.12402310567448183
craigal01,1.0,1.0,5.493150684931507,0.18204488778054861
crainje01,0.0,1.0,8.904109589041095,0.11230769230769232
cramedo01,3.0,5.0,18.660273972602738,0.2679489061811775
crandde01,8.0,11.0,17.284931506849315,0.6363924552226977
crawfbr01,1.0,1.0,5.3561643835616435,0.18670076726342713
crawfca02,4.0,4.0,13.882191780821918,0.28813893822774816
credejo01,1.0,1.0,9.008219178082191,0.11100973236009733
cronijo01,7.0,7.0,18.986301369863014,0.3686868686868687
crosefr01,1.0,2.0,16.487671232876714,0.12130275839149218
crowaa01,0.0,1.0,3.4986301369863013,0.28582615505090053
crowdal01,1.0,1.0,9.92054794520548,0.1008008837337752
crowege01,0.0,1.0,9.043835616438356,0.11057255377158437
cruzjo01,1.0,2.0,17.843835616438355,0.11208352525717796
cruzne02,3.0,4.0,11.046575342465754,0.3621031746031746
cuccito01,1.0,3.0,15.457534246575342,0.19408011343495216
cuddymi01,2.0,2.0,14.035616438356165,0.1424946320515323
cuellmi01,2.0,4.0,18.054794520547944,0.2215477996965099
cuetojo01,1.0,2.0,8.495890410958904,0.23540793292486295
cullero01,1.0,2.0,9.449315068493151,0.21165555233400984
culpra01,2.0,2.0,10.408219178082192,0.1921558304817057
cunnijo01,1.0,2.0,11.805479452054794,0.16941285681132515
cuyleki01,1.0,1.0,16.96986301369863,0.058927994833710036
dahlgba01,1.0,1.0,11.391780821917807,0.0877825877825878
daleybu01,2.0,4.0,8.882191780821918,0.45033929673041334
damonjo01,2.0,2.0,16.983561643835618,0.11776092918212615
danniha01,2.0,4.0,9.161643835616438,0.43660287081339716
darkal01,2.0,3.0,14.23013698630137,0.21082017712745477
darliro01,0.0,1.0,11.947945205479453,0.08369639990827792
darviyu01,1.0,3.0,4.47945205479452,0.6697247706422019
daultda01,3.0,3.0,14.01917808219178,0.21399257377369552
davalvi01,1.0,1.0,17.506849315068493,0.05712050078247261
davenji01,1.0,2.0,12.197260273972603,0.16397124887690925
davisal01,1.0,1.0,8.210958904109589,0.12178845512178846
davisch01,3.0,3.0,18.493150684931507,0.1622222222222222
davisch02,1.0,1.0,8.273972602739725,0.12086092715231789
daviscu01,1.0,2.0,12.027397260273972,0.1662870159453303
daviser01,2.0,2.0,17.397260273972602,0.11496062992125984
davisgl01,2.0,2.0,8.726027397260275,0.2291993720565149
davisjo02,2.0,2.0,9.065753424657535,0.22061045633121787
davisma01,2.0,2.0,17.054794520547944,0.11726907630522089
davisro02,1.0,1.0,10.164383561643836,0.09838274932614555
davisto02,3.0,3.0,17.041095890410958,0.17604501607717044
daviswa01,1.0,2.0,7.076712328767123,0.28261711188540456
daviswi02,2.0,2.0,19.07123287671233,0.10486998994397356
dawlebi01,1.0,1.0,6.2246575342465755,0.16065140845070422
dawsoan01,8.0,8.0,20.063013698630137,0.3987436842823979
deandi01,4.0,4.0,17.01095890410959,0.23514253502979546
decindo01,1.0,1.0,14.076712328767123,0.07103931490852472
degroja01,1.0,1.0,2.3013698630136985,0.43452380952380953
delabst01,1.0,1.0,4.695890410958904,0.21295215869311554
delgaca01,2.0,2.0,15.616438356164384,0.1280701754385965
demaejo01,0.0,1.0,10.449315068493151,0.09570005243838489
demarfr02,2.0,2.0,11.901369863013699,0.1680478821362799
dempsry01,1.0,2.0,15.364383561643836,0.13017118402282454
dentbu01,3.0,3.0,11.287671232876713,0.2657766990291262
derripa01,4.0,6.0,14.46027397260274,0.41492989768851835
desmoia01,1.0,2.0,7.063013698630137,0.2831652443754849
diazal02,1.0,1.0,0.4931506849315068,2.0277777777777777
diazbo01,2.0,2.0,11.846575342465753,0.16882516188714153
dibblro01,2.0,2.0,7.257534246575342,0.27557568893922235
dickebi01,8.0,11.0,18.076712328767123,0.6085177326462564
dickera01,1.0,1.0,15.427397260273972,0.06481974782454271
dicksja01,0.0,1.0,3.7315068493150685,0.26798825256975034
dicksmu01,1.0,1.0,19.96986301369863,0.05007545616682672
dierkla01,1.0,2.0,13.032876712328767,0.15345806180365779
dietzdi01,1.0,1.0,7.2904109589041095,0.1371664787673807
dillibo01,1.0,1.0,5.454794520547945,0.1833249623304872
dimagdo01,6.0,7.0,13.07123287671233,0.5355271431565709
dimagjo01,11.0,13.0,15.419178082191781,0.8431058990760483
dimagvi01,2.0,2.0,9.136986301369863,0.21889055472263869
disarga01,1.0,1.0,10.63013698630137,0.09407216494845361
dobsojo01,0.0,1.0,15.021917808219179,0.06656939631588546
dobsopa01,0.0,1.0,10.312328767123288,0.096971307120085
dobyla01,6.0,7.0,12.065753424657535,0.5801544050862851
doerrbo01,8.0,9.0,14.391780821917807,0.6253569388920617
donaljo02,3.0,3.0,6.4301369863013695,0.46655304644226675
donnebr01,1.0,1.0,8.293150684931506,0.12058143376280146
donovdi01,2.0,5.0,15.145205479452056,0.3301374819102749
doolise01,1.0,1.0,4.326027397260274,0.23115896136795439
dotsori01,1.0,1.0,10.758904109589041,0.09294626941685766
downial01,1.0,1.0,15.994520547945205,0.06252141144227476
downibr01,1.0,1.0,19.35890410958904,0.05165581658647042
doziebr01,1.0,1.0,4.405479452054794,0.2269900497512438
drabedo01,1.0,1.0,12.331506849315069,0.08109309042435014
draveda01,1.0,1.0,7.1726027397260275,0.13941940412528647
drewjd01,1.0,1.0,13.063013698630137,0.0765520134228188
dropowa01,1.0,1.0,12.084931506849315,0.08274767626388574
drysddo01,8.0,9.0,13.30958904109589,0.6762041992589544
duchsju01,1.0,2.0,8.767123287671232,0.22812500000000002
dukeza01,0.0,1.0,11.252054794520548,0.088872656440224
duncada01,0.0,1.0,12.413698630136986,0.08055616861619952
duncama01,1.0,1.0,12.449315068493151,0.08032570422535211
dunnad01,1.0,2.0,13.2,0.15151515151515152
dunstsh01,1.0,2.0,17.484931506849314,0.11438420557818867
durenry01,1.0,4.0,10.904109589041095,0.3668341708542714
durhale01,1.0,2.0,9.315068493150685,0.2147058823529412
durhara01,2.0,2.0,13.435616438356165,0.14885807504078302
durocle01,2.0,3.0,19.556164383561644,0.15340431493415524
duvalad01,1.0,1.0,2.271232876712329,0.44028950542822676
dyeje01,2.0,2.0,13.391780821917807,0.1493453355155483
dykesji01,1.0,2.0,21.41917808219178,0.09337426451777948
dykstle01,2.0,3.0,11.04931506849315,0.271510042152244
earlyja01,1.0,1.0,10.416438356164383,0.09600210415570753
easleda01,1.0,1.0,16.136986301369863,0.06196943972835314
easlemi01,1.0,1.0,14.087671232876712,0.07098405289770518
eckerde01,6.0,6.0,23.473972602739725,0.2556022408963586
eckstda01,2.0,2.0,9.506849315068493,0.21037463976945245
edmonji01,4.0,4.0,17.043835616438358,0.23468895675936344
edwarbr01,1.0,2.0,10.232876712328768,0.19544846050870146
edwarjo01,2.0,3.0,13.273972602739725,0.2260061919504644
elliobo01,5.0,7.0,14.04931506849315,0.49824492979719187
ellisdo01,1.0,1.0,11.287671232876713,0.08859223300970873
ellissa01,0.0,1.0,7.156164383561644,0.139739663093415
ellsbja01,1.0,1.0,9.265753424657534,0.10792430514488469
ellswdi01,0.0,1.0,13.01095890410959,0.07685828595493788
elstodo01,1.0,2.0,11.04931506849315,0.18100669476816267
encared01,2.0,3.0,11.282191780821918,0.26590577950461386
engleda01,0.0,1.0,8.293150684931506,0.12058143376280146
engliwo01,1.0,1.0,11.189041095890412,0.08937316356513222
ennisde01,3.0,3.0,13.136986301369863,0.2283628779979145
ensbemo01,1.0,1.0,7.682191780821918,0.13017118402282454
ericksc01,0.0,1.0,15.964383561643835,0.06263943710314056
erskica01,1.0,1.0,10.893150684931507,0.09180080482897383
erstada01,2.0,2.0,13.315068493150685,0.15020576131687244
escobal02,1.0,1.0,8.084931506849315,0.12368688580142324
estessh01,1.0,1.0,13.032876712328767,0.07672903090182889
estrach01,1.0,2.0,7.142465753424657,0.28001534330648253
estrajo01,1.0,1.0,7.197260273972603,0.13894175866006853
estrama01,0.0,1.0,8.117808219178082,0.12318596017549781
etchean01,0.0,2.0,15.575342465753424,0.1284080914687775
ethiean01,2.0,2.0,10.427397260273972,0.19180241723594327
ettenni01,0.0,1.0,8.67123287671233,0.11532385466034754
evansda01,2.0,2.0,20.46301369863014,0.09773731423215959
evansdw01,3.0,3.0,19.065753424657533,0.15735019399338987
evereca01,2.0,2.0,13.073972602739726,0.15297569153394802
eversho01,2.0,2.0,15.04931506849315,0.13289641361733115
facero01,4.0,6.0,16.34246575342466,0.3671416596814753
fainfe01,3.0,5.0,8.449315068493151,0.5917639429312581
fairlro01,2.0,2.0,20.052054794520547,0.09974040169422052
familje01,0.0,1.0,4.076712328767123,0.2452956989247312
farmeed01,1.0,1.0,12.323287671232876,0.08114717652289907
farretu01,4.0,5.0,13.002739726027396,0.3845343447113359
felizne01,0.0,1.0,7.090410958904109,0.1410355486862442
fellebo01,5.0,8.0,20.213698630136985,0.3957712117104907
fernajo02,2.0,2.0,3.4575342465753423,0.5784469096671949
fernasi01,2.0,2.0,13.550684931506849,0.1475940153659523
fernato01,5.0,5.0,18.10958904109589,0.2760968229954614
ferreri01,2.0,8.0,18.416438356164385,0.4343945254388575
ferrewe01,0.0,2.0,13.665753424657535,0.14635124298315957
ferrida01,0.0,2.0,4.972602739726027,0.4022038567493113
fettelo01,1.0,1.0,8.161643835616438,0.1225243370258476
fickro01,1.0,1.0,9.032876712328767,0.11070670306339096
fidryma01,1.0,2.0,4.4520547945205475,0.44923076923076927
fieldce01,3.0,3.0,13.158904109589042,0.22798251093066832
fieldpr01,6.0,6.0,11.104109589041096,0.540340488527017
figgich01,0.0,1.0,11.808219178082192,0.08468677494199536
fingero01,5.0,7.0,17.016438356164382,0.4113669296409596
finigji01,1.0,2.0,5.197260273972603,0.3848181338956247
finlech01,2.0,5.0,16.345205479452055,0.3059001005698961
finlest01,2.0,2.0,18.17808219178082,0.11002260738507913
finnelo01,1.0,1.0,15.663013698630136,0.06384467377995452
fisheed02,1.0,1.0,14.254794520547945,0.07015183547953104
fiskca01,10.0,11.0,23.775342465753425,0.46266420834293615
flanami01,0.0,1.0,17.073972602739726,0.05856867779204108
fletcda01,1.0,1.0,12.854794520547944,0.0777919863597613
fletcel01,1.0,1.0,15.054794520547945,0.06642402183803457
floodcu01,3.0,3.0,14.632876712328768,0.20501778693128628
floydcl01,1.0,1.0,15.756164383561643,0.06346722309163624
foileha01,1.0,1.0,11.038356164383561,0.09059319930503848
fordwh01,6.0,10.0,16.898630136986302,0.5917639429312581
fornimi01,1.0,1.0,10.868493150684932,0.09200907486765818
forscke01,2.0,2.0,15.717808219178082,0.12724420428795538
fossera01,1.0,2.0,12.068493150684931,0.16572077185017026
fostege01,5.0,5.0,17.0,0.29411764705882354
foulkke01,1.0,1.0,11.336986301369864,0.08820686321894634
fowlede01,0.0,1.0,8.087671232876712,0.1236449864498645
foxne01,13.0,15.0,18.14246575342466,0.8267894895801872
foxpe01,0.0,1.0,12.457534246575342,0.08027270727952496
foxxji01,7.0,9.0,20.410958904109588,0.44093959731543625
francjo01,2.0,4.0,21.2,0.18867924528301888
francju01,2.0,3.0,25.41917808219178,0.11802112524250916
francti01,0.0,1.0,14.46027397260274,0.06915498294808639
frankfr02,1.0,1.0,12.057534246575342,0.08293569643262895
frankry01,1.0,1.0,12.128767123287671,0.08244861079737971
frazito01,2.0,2.0,5.367123287671233,0.37263910158244
freehbi01,8.0,11.0,15.03013698630137,0.7318629238060518
freemfr01,1.0,2.0,6.090410958904109,0.3283850652271705
freesda01,1.0,1.0,7.487671232876712,0.13355287230150018
fregoji01,6.0,6.0,16.720547945205478,0.35883991479600197
frencla01,1.0,1.0,13.449315068493151,0.07435322876349562
freylo01,3.0,3.0,15.093150684931507,0.19876565619894718
frienbo01,3.0,4.0,15.419178082191781,0.2594171997157072
friscfr01,2.0,3.0,18.147945205479452,0.16530797101449277
frymatr01,5.0,5.0,12.238356164383562,0.4085516006268189
frymawo01,0.0,2.0,17.295890410958904,0.11563440519562806
fuentbr01,1.0,4.0,11.191780821917808,0.3574051407588739
fukudko01,1.0,1.0,4.178082191780822,0.23934426229508196
furcara01,3.0,3.0,14.221917808219178,0.21094201502600654
furilca01,0.0,2.0,14.068493150684931,0.14216163583252192
gaettga01,2.0,2.0,18.572602739726026,0.10768549933618529
gagneer01,3.0,3.0,9.057534246575342,0.3312159709618875
galanau01,3.0,3.0,15.394520547945206,0.194874532835024
galaran01,5.0,5.0,19.126027397260273,0.2614238647758201
gallayo01,0.0,1.0,9.293150684931506,0.1076061320754717
gantro01,2.0,2.0,15.726027397260275,0.12717770034843204
garcica01,1.0,1.0,8.572602739726028,0.11665068712048578
garcida01,2.0,2.0,11.227397260273973,0.17813567593948268
garcifr02,2.0,2.0,14.476712328767123,0.1381529144587434
garcimi01,1.0,3.0,12.923287671232877,0.2321390714437142
garcino01,5.0,6.0,13.101369863013698,0.45796737766624845
gardnbr01,1.0,1.0,8.263013698630138,0.12102122015915118
garlajo01,1.0,1.0,12.92876712328767,0.07734689552871371
garneph01,3.0,3.0,15.07123287671233,0.1990547173241229
garresc01,0.0,1.0,8.693150684931506,0.11503309171131422
garrra01,1.0,1.0,11.758904109589041,0.08504193849021435
garvene01,1.0,1.0,13.10958904109589,0.07628004179728318
garvest01,10.0,10.0,17.734246575342464,0.5638807353622741
gastoci01,1.0,1.0,11.054794520547945,0.09045848822800495
gedmari01,2.0,2.0,12.082191780821917,0.1655328798185941
gehrich01,6.0,6.0,18.024657534246575,0.3328773369813042
gehrilo01,6.0,7.0,15.884931506849314,0.44066919627457746
gentiji01,4.0,6.0,9.06027397260274,0.6622316298760206
giambja01,5.0,5.0,19.4027397260274,0.2576955662242304
gibsobo01,6.0,9.0,16.397260273972602,0.5488721804511278
gilesbr02,2.0,2.0,13.764383561643836,0.14530254777070065
gilesma01,0.0,1.0,6.4520547945205475,0.15498938428874737
gilliji01,1.0,2.0,13.471232876712328,0.14846451088061827
girarjo01,0.0,1.0,14.493150684931507,0.06899810964083175
giustda01,1.0,1.0,15.468493150684932,0.06464753808005667
glaustr01,4.0,4.0,12.178082191780822,0.32845894263217096
glavito02,6.0,10.0,21.008219178082193,0.47600417318727173
goldspa01,4.0,4.0,5.175342465753425,0.7728957120169402
gomezca01,2.0,2.0,9.397260273972602,0.21282798833819244
gomezle01,5.0,7.0,13.093150684931507,0.5346306758736137
gonzaad01,5.0,5.0,12.465753424657533,0.4010989010989011
gonzaal02,1.0,1.0,15.654794520547945,0.06387819390969549
gonzaca01,3.0,3.0,8.347945205479451,0.3593698720052511
gonzagi01,2.0,2.0,8.150684931506849,0.24537815126050422
gonzaju03,3.0,3.0,15.756164383561643,0.19040166927490873
gonzalu01,5.0,5.0,18.07945205479452,0.27655705409910597
goodedw01,3.0,4.0,16.49041095890411,0.24256521016780194
goodmbi01,2.0,2.0,15.46027397260274,0.12936381357433988
goodmiv01,2.0,2.0,9.361643835616439,0.21363769388352355
gordoal01,1.0,3.0,9.509589041095891,0.3154710458081244
gordode01,1.0,2.0,5.328767123287672,0.37532133676092544
gordojo01,8.0,9.0,12.46027397260274,0.7222955145118733
gordosi01,1.0,2.0,14.032876712328767,0.14252245216712223
gordoto01,3.0,3.0,20.663013698630138,0.14518695306284804
gosligo01,1.0,1.0,17.035616438356165,0.05870054679961402
gossari01,6.0,9.0,22.326027397260273,0.403116946864646
grababi01,1.0,1.0,6.010958904109589,0.16636280765724704
gracema01,3.0,3.0,15.416438356164383,0.19459747645281678
grandcu01,3.0,3.0,12.06027397260274,0.24875056792367106
grandya01,1.0,1.0,4.336986301369863,0.23057485786481366
grantmu01,1.0,2.0,13.46027397260274,0.14858538571137797
graveda01,1.0,2.0,9.827397260273973,0.20351268469473097
grayso01,,1.0,3.221917808219178,0.31037414965986393
grayte01,1.0,1.0,9.323287671232876,0.10725830149867764
greenha01,2.0,5.0,17.02191780821918,0.2937389344921938
greenmi01,2.0,2.0,11.07123287671233,0.18064835436773075
greensh01,2.0,2.0,14.01095890410959,0.14274540477121628
greenty01,1.0,1.0,5.471232876712329,0.1827741612418628
greggha01,0.0,1.0,9.005479452054795,0.11104350471554608
greinza01,3.0,3.0,12.342465753424657,0.24306326304106549
grichbo01,6.0,6.0,16.27123287671233,0.36874894763428184
grievbe01,1.0,1.0,8.084931506849315,0.12368688580142324
griffal01,1.0,1.0,17.09041095890411,0.05851234369990382
griffke01,2.0,3.0,17.775342465753425,0.1687731196054254
griffke02,9.0,13.0,21.172602739726027,0.6140010351966874
grillja01,1.0,1.0,16.4027397260274,0.06096542508768999
grimbo01,1.0,1.0,8.104109589041096,0.12339418526031101
grimeos01,0.0,1.0,7.997260273972603,0.12504282288454951
grimsro02,0.0,1.0,11.367123287671232,0.08797300554350447
grissle01,1.0,1.0,7.065753424657534,0.14152772392400156
grissma01,1.0,1.0,12.758904109589041,0.0783766373201632
grissma02,2.0,2.0,15.95068493150685,0.12538646513225696
groatdi01,8.0,8.0,15.295890410958904,0.523016299480566
gromest01,0.0,1.0,15.945205479452055,0.0627147766323024
grosske01,1.0,1.0,14.093150684931507,0.07095645412130638
grosswa01,0.0,1.0,10.117808219178082,0.09883563498510696
groteje01,2.0,2.0,18.046575342465754,0.11082435099438287
grovele01,3.0,6.0,16.46849315068493,0.36433205789386125
groveor01,0.0,1.0,8.92054794520548,0.1121007371007371
grubbjo01,1.0,1.0,15.057534246575342,0.06641193595342067
grubeke01,1.0,2.0,9.197260273972603,0.2174560619600834
grudzma01,1.0,1.0,15.117808219178082,0.06614715476621964
guarded01,2.0,2.0,16.30958904109589,0.12262724676633631
gubicma01,2.0,2.0,13.021917808219179,0.15358720807910792
guerrpe01,4.0,5.0,14.043835616438356,0.35602809207959424
guerrvl01,9.0,9.0,15.032876712328767,0.5986878075451066
guidrro01,2.0,4.0,13.180821917808219,0.3034712118062773
guillca01,2.0,3.0,13.04109589041096,0.23004201680672268
guilloz01,2.0,3.0,15.490410958904109,0.1936681995047754
gumpera01,0.0,1.0,16.29041095890411,0.0613858055835856
gurala01,0.0,1.0,15.252054794520548,0.06556493623136339
gustifr01,3.0,3.0,10.682191780821919,0.28084124134393434
guzmacr01,2.0,2.0,11.432876712328767,0.17493410016774502
guzmaju01,1.0,1.0,8.841095890410958,0.11310814998450573
gwynnto01,13.0,15.0,19.232876712328768,0.7799145299145299
haasbe01,1.0,1.0,13.96986301369863,0.07158266326730732
hackst01,4.0,5.0,15.46027397260274,0.3234095339358497
haddiha01,1.0,3.0,13.03013698630137,0.23023549201009252
hafeych01,1.0,1.0,13.098630136986301,0.07634386111692115
hallabi01,1.0,1.0,13.421917808219177,0.07450500102061645
hallaro01,6.0,8.0,15.01917808219178,0.5326523166727472
halleto01,2.0,3.0,11.490410958904109,0.2610872675250358
hallji02,2.0,2.0,7.435616438356164,0.26897568165070007
hamelco01,3.0,4.0,10.389041095890411,0.3850210970464135
hamiljo03,5.0,5.0,8.512328767123288,0.587383327969102
hammaat01,1.0,1.0,13.997260273972604,0.07144255235858289
hammoje01,1.0,1.0,11.915068493150685,0.08392733961830307
hamnegr01,3.0,3.0,17.89041095890411,0.16768759571209801
hamptmi01,2.0,2.0,17.473972602739725,0.11445594230166198
hanrajo01,2.0,2.0,5.778082191780822,0.346135609293504
hansero02,2.0,2.0,14.191780821917808,0.14092664092664092
hansoer01,0.0,1.0,9.761643835616438,0.10244176255964076
hardeme01,4.0,4.0,19.383561643835616,0.20636042402826854
hardyjj01,2.0,2.0,11.504109589041096,0.17385091688497262
harenda01,3.0,3.0,12.271232876712329,0.24447421299397187
hargast01,0.0,1.0,12.126027397260273,0.08246723904202441
hargrmi01,1.0,1.0,11.506849315068493,0.0869047619047619
harnipe01,1.0,1.0,12.654794520547945,0.07902143321065165
harpebr03,4.0,4.0,4.432876712328767,0.9023485784919655
harpeto01,1.0,1.0,14.484931506849316,0.0690372612067335
harrato01,1.0,4.0,17.09041095890411,0.23404937479961527
harrebu01,2.0,2.0,15.101369863013698,0.13243831640058057
harreke01,1.0,1.0,8.035616438356165,0.12444595976815546
harrijo05,1.0,1.0,5.284931506849315,0.18921721099015035
harrima01,1.0,1.0,7.054794520547945,0.141747572815534
harrimi01,0.0,1.0,12.372602739726027,0.08082373782108061
harriwi02,1.0,1.0,4.1287671232876715,0.2422030524220305
hartco01,2.0,2.0,11.07945205479452,0.1805143422354105
hartji01,1.0,1.0,10.895890410958904,0.09177772190093035
hartnga01,5.0,6.0,19.465753424657535,0.30823363828289935
harvebr01,1.0,2.0,7.956164383561644,0.2513774104683196
harveke01,1.0,1.0,3.665753424657534,0.2727952167414051
harvema01,1.0,1.0,3.9424657534246577,0.25364836692147325
hasegsh01,1.0,1.0,8.487671232876712,0.11781794706262104
hattogr01,0.0,1.0,14.471232876712328,0.06910261264672472
hawpebr01,1.0,1.0,9.23013698630137,0.10834075393291778
hayesfr01,4.0,6.0,13.66027397260274,0.43922984356197353
hayesvo01,1.0,1.0,11.356164383561644,0.08805790108564535
haynejo01,0.0,1.0,13.361643835616439,0.07484109083452942
hearnji01,0.0,1.0,12.084931506849315,0.08274767626388574
heathje01,2.0,2.0,12.994520547945205,0.15391102677630192
heatone01,0.0,1.0,10.819178082191781,0.0924284629020005
heganji01,2.0,5.0,18.83013698630137,0.2655317910664921
heganmi01,0.0,1.0,12.824657534246576,0.07797479171117282
helmsto01,2.0,2.0,13.03013698630137,0.15349032800672835
heltoto01,5.0,5.0,16.16986301369863,0.3092172145035581
hemslro01,3.0,5.0,19.005479452054793,0.26308202392965263
hendeda01,1.0,1.0,13.312328767123288,0.07511833710640049
henderi01,10.0,10.0,24.254794520547946,0.41228961933807745
hendrge01,3.0,4.0,17.34246575342466,0.2306477093206951
henketo01,2.0,2.0,13.063013698630137,0.1531040268456376
hennemi01,0.0,1.0,9.389041095890411,0.10650714911000876
henrito01,4.0,5.0,13.4,0.3731343283582089
henrybi01,1.0,2.0,17.175342465753424,0.11644600414739194
hentgpa01,2.0,3.0,12.89041095890411,0.23273113708820406
herbera01,1.0,1.0,16.068493150684933,0.06223358908780903
hermabi01,10.0,10.0,15.934246575342465,0.6275790921595599
hernafe02,4.0,6.0,11.169863013698631,0.5371596762325239
hernajo01,1.0,1.0,15.156164383561643,0.06597975415762834
hernake01,5.0,5.0,15.90958904109589,0.31427587394523854
hernali01,1.0,2.0,16.024657534246575,0.12480765942896221
hernara02,1.0,1.0,13.964383561643835,0.07161075142240533
hernaro01,2.0,2.0,16.073972602739726,0.12442474859382989
hernawi01,2.0,3.0,12.367123287671232,0.2425786442179885
herreke01,1.0,2.0,5.027397260273973,0.3978201634877384
herreod01,1.0,1.0,1.4931506849315068,0.6697247706422018
herrmed01,0.0,1.0,11.046575342465754,0.09052579365079365
herrto01,1.0,1.0,12.150684931506849,0.08229988726042842
hershor01,2.0,3.0,16.83013698630137,0.17825166856584732
heywaja01,0.0,1.0,6.498630136986302,0.1538785834738617
hickmji02,1.0,1.0,12.257534246575343,0.0815824765310684
higbeki01,1.0,2.0,12.767123287671232,0.15665236051502146
higgipi01,2.0,3.0,16.273972602739725,0.18434343434343436
higuete01,1.0,1.0,9.301369863013699,0.10751104565537555
hildeor01,0.0,1.0,8.893150684931507,0.1124460874922982
hillaa01,1.0,1.0,11.375342465753425,0.08790944123314065
hillejo01,0.0,1.0,14.73150684931507,0.0678817184303515
hillesh02,2.0,2.0,6.471232876712329,0.3090601185436071
hillke01,1.0,1.0,12.63013698630137,0.07917570498915401
hintoch01,1.0,1.0,10.38082191780822,0.09633148588017947
hislela01,2.0,2.0,14.07945205479452,0.14205098268145552
hoagmy01,1.0,1.0,14.432876712328767,0.06928625664388763
hoakdo01,1.0,1.0,10.073972602739726,0.09926570573837368
hockeor01,0.0,1.0,7.013698630136986,0.142578125
hodgegi01,6.0,8.0,19.6,0.4081632653061224
hoeftbi01,0.0,1.0,14.446575342465753,0.06922055755736772
hoernjo01,0.0,1.0,13.865753424657534,0.07212013436079827
hoffmtr01,7.0,7.0,17.493150684931507,0.40015661707126077
hollaal01,0.0,1.0,9.931506849315069,0.1006896551724138
hollagr01,2.0,2.0,5.131506849315069,0.389749065670048
hollida01,1.0,1.0,12.463013698630137,0.08023741481644317
hollima01,6.0,7.0,12.471232876712328,0.5612917398945518
holmeto01,1.0,2.0,10.465753424657533,0.19109947643979058
holtbr01,1.0,1.0,4.087671232876712,0.24463806970509386
holtzke01,1.0,2.0,14.04931506849315,0.14235569422776911
honeyri01,1.0,2.0,19.7013698630137,0.1015157836184119
hootobu01,1.0,1.0,14.232876712328768,0.07025986525505293
hoppjo01,1.0,1.0,13.035616438356165,0.07671290458175704
horlejo01,0.0,1.0,11.09041095890411,0.09016798418972331
hornebo01,1.0,1.0,10.013698630136986,0.09986320109439124
hortowi01,4.0,4.0,17.08219178082192,0.23416198877305533
hosmeer01,1.0,1.0,5.4082191780821915,0.184903748733536
houghch01,1.0,1.0,23.96986301369863,0.04171905360612641
houttar01,1.0,1.0,12.408219178082192,0.08059174210642527
howarel01,6.0,12.0,13.471232876712328,0.8907870652837097
howarfr01,4.0,4.0,15.065753424657535,0.26550281869430803
howarry01,3.0,3.0,12.093150684931507,0.24807430901676483
howelja01,2.0,3.0,14.002739726027396,0.2142437879084328
howelro02,1.0,1.0,10.063013698630137,0.09937380887557855
howest01,1.0,1.0,16.205479452054796,0.06170752324598478
howsedi01,1.0,2.0,7.468493150684932,0.2677916360968452
hoytla01,1.0,1.0,7.057534246575343,0.14169254658385091
hrbekke01,1.0,1.0,12.96986301369863,0.07710181664554289
hubbagl01,1.0,1.0,11.04931506849315,0.09050334738408133
hubbeca01,5.0,9.0,15.087671232876712,0.5965135282367896
hudekjo01,1.0,1.0,5.441095890410959,0.1837865055387714
hudsoor01,2.0,2.0,10.202739726027398,0.19602577873254565
hudsosi01,1.0,2.0,14.446575342465753,0.13844111511473545
hudsoti01,1.0,4.0,16.326027397260273,0.24500755160261792
hugheph01,1.0,1.0,9.128767123287671,0.1095438175270108
hughste01,2.0,3.0,8.468493150684932,0.3542542866386283
humeto01,1.0,1.0,10.361643835616439,0.09650978318350079
hundlra01,1.0,1.0,13.002739726027396,0.07690686894226717
hundlto01,1.0,2.0,13.36986301369863,0.14959016393442623
huntebi03,1.0,1.0,5.457534246575342,0.18323293172690763
hunteca01,6.0,8.0,14.356164383561644,0.5572519083969465
hunteto01,4.0,5.0,18.126027397260273,0.27584643288996374
huntro01,2.0,2.0,11.46027397260274,0.1745158976810901
hurstbr01,0.0,1.0,14.191780821917808,0.07046332046332046
hutchfr01,1.0,1.0,14.416438356164383,0.06936526035727861
ibanera01,1.0,1.0,18.16986301369863,0.055036188178528345
iglesjo01,1.0,1.0,5.4082191780821915,0.184903748733536
infanom01,0.0,1.0,13.756164383561643,0.07269468233419638
ingebr01,1.0,1.0,12.306849315068494,0.08125556544968833
irvinmo01,0.0,1.0,7.235616438356164,0.13820522529344945
isrinja01,1.0,2.0,17.18904109589041,0.11635320369780046
iwakuhi01,0.0,1.0,4.4520547945205475,0.22461538461538463
izturce01,0.0,1.0,12.276712328767124,0.08145503235884848
jablora01,1.0,1.0,7.432876712328767,0.13453741245853298
jacksbo01,1.0,1.0,7.942465753424657,0.12590548464987927
jacksda02,1.0,2.0,13.915068493150685,0.14372908052766292
jacksed01,1.0,1.0,13.068493150684931,0.07651991614255765
jacksgr01,0.0,1.0,17.024657534246575,0.0587383327969102
jacksla01,4.0,5.0,13.457534246575342,0.37153908794788276
jacksra01,2.0,2.0,9.405479452054795,0.21264200407806583
jacksre01,12.0,14.0,20.334246575342465,0.6884936674750741
jackstr01,1.0,1.0,14.002739726027396,0.0714145959694776
jacobbr01,2.0,2.0,11.065753424657535,0.18073780638771972
jahajo01,1.0,1.0,8.972602739726028,0.11145038167938931
janseke01,1.0,1.0,6.1945205479452055,0.16143299425033172
jansela01,1.0,2.0,9.449315068493151,0.21165555233400984
javeral01,1.0,2.0,6.043835616438356,0.33091568449682685
javieju01,2.0,2.0,12.353424657534246,0.16189842537147928
jayjo01,0.0,2.0,13.208219178082192,0.15142086704003319
jeffegr01,2.0,2.0,12.736986301369862,0.15702301570230157
jenkife01,2.0,3.0,18.054794520547944,0.1661608497723824
jenkige01,0.0,1.0,10.438356164383562,0.09580052493438321
jenksbo01,0.0,2.0,6.005479452054795,0.33302919708029194
jenseja01,3.0,3.0,11.463013698630137,0.2617112810707457
jeterde01,13.0,14.0,19.34794520547945,0.7235910506938544
jimenub01,1.0,1.0,10.016438356164384,0.099835886214442
johnsal01,1.0,1.0,12.194520547945206,0.0820040440350483
johnsbi03,1.0,1.0,10.057534246575342,0.09942794878779625
johnsbo01,5.0,8.0,12.457534246575342,0.6421816582361997
johnsch04,2.0,2.0,11.106849315068493,0.18006906758756785
johnsda02,3.0,4.0,13.471232876712328,0.29692902176123653
johnsdo02,0.0,2.0,4.641095890410959,0.4309327036599764
johnsho01,2.0,2.0,13.473972602739726,0.14843432289548597
johnsji04,1.0,1.0,10.186301369863013,0.09817105970952125
johnsjo09,1.0,2.0,7.909589041095891,0.2528576376861794
johnsla03,1.0,1.0,12.89041095890411,0.07757704569606802
johnsra05,8.0,10.0,21.065753424657533,0.47470412277279234
johnto01,2.0,4.0,25.734246575342464,0.15543489832854254
jonesad01,5.0,5.0,10.227397260273973,0.48888293597642646
jonesan01,4.0,5.0,16.145205479452056,0.30968946207364667
jonesbo03,1.0,1.0,9.057534246575342,0.1104053236539625
jonesch06,7.0,8.0,19.073972602739726,0.41941970698075265
jonescl01,1.0,1.0,12.638356164383561,0.07912421417732496
jonesdo01,4.0,5.0,18.487671232876714,0.27045050385299346
jonesra01,2.0,2.0,9.232876712328768,0.21661721068249257
jonesru01,2.0,2.0,11.180821917808219,0.17887772604753738
jonessa02,2.0,2.0,13.04109589041096,0.1533613445378151
jonesto02,1.0,1.0,15.117808219178082,0.06614715476621964
joneswi01,2.0,2.0,13.665753424657535,0.14635124298315957
joosted01,1.0,2.0,19.04931506849315,0.10499065151733065
jordabr01,1.0,1.0,14.487671232876712,0.06902420574886535
josefe01,1.0,1.0,15.07945205479452,0.06631540697674418
josepdu01,1.0,1.0,6.8,0.14705882352941177
joycema01,1.0,1.0,8.416438356164383,0.11881510416666669
joynewa01,1.0,1.0,15.194520547945206,0.06581319870176704
juddos01,0.0,1.0,7.073972602739726,0.14136328427575523
jurgebi01,0.0,3.0,16.361643835616437,0.1833556597454789
jurrjja01,1.0,1.0,6.904109589041096,0.14484126984126983
justida01,2.0,3.0,13.35890410958904,0.2245693191140279
kaatji01,2.0,3.0,23.92876712328767,0.12537210899931303
kalinal01,16.0,18.0,21.284931506849315,0.8456686832282148
kaskoed01,1.0,2.0,9.402739726027397,0.21270396270396272
kazaked01,1.0,1.0,3.756164383561644,0.2662290299051787
kazmisc01,3.0,3.0,12.093150684931507,0.24807430901676483
keegabo01,1.0,1.0,5.16986301369863,0.19342872284048754
kellech01,3.0,5.0,13.408219178082192,0.37290559869227624
kellge01,7.0,10.0,13.972602739726028,0.7156862745098039
kellnal01,0.0,1.0,11.156164383561643,0.08963654223968566
kellypa01,1.0,1.0,14.087671232876712,0.07098405289770518
kellyro01,2.0,2.0,12.73150684931507,0.1570905960834947
keltnke01,7.0,7.0,12.652054794520549,0.5532698137721958
kempma01,1.0,2.0,10.356164383561644,0.1931216931216931
kempst01,1.0,1.0,11.136986301369863,0.0897908979089791
kendaja01,3.0,3.0,14.421917808219177,0.20801671732522797
kendrho01,1.0,1.0,10.443835616438356,0.09575026232948583
kennete02,3.0,4.0,13.095890410958905,0.305439330543933
kenneve01,0.0,2.0,11.032876712328767,0.18127638440526447
kentje01,5.0,5.0,16.471232876712328,0.30355954757152365
keougma02,1.0,1.0,9.084931506849315,0.11007237635705669
kernji01,3.0,3.0,11.736986301369862,0.2556022408963586
kerrbu01,1.0,1.0,8.065753424657535,0.12398097826086955
kershcl01,5.0,6.0,8.35890410958904,0.7177974434611603
kessido01,6.0,6.0,14.904109589041095,0.4025735294117647
keuchda01,1.0,1.0,4.197260273972603,0.23825065274151436
keyji01,4.0,4.0,14.465753424657533,0.27651515151515155
kileda01,1.0,3.0,11.202739726027398,0.2677916360968452
killeha01,11.0,13.0,21.273972602739725,0.6110753380553767
kimbrcr01,4.0,5.0,6.4082191780821915,0.7802479692176144
kimby01,1.0,1.0,8.33972602739726,0.11990801576872537
kinerra01,5.0,6.0,9.449315068493151,0.6349666570020296
kingmda01,2.0,3.0,15.194520547945206,0.1974395961053011
kinslia01,4.0,4.0,10.506849315068493,0.38070404172099087
kipnija01,2.0,2.0,5.2027397260273975,0.3844128488678252
kittlro01,1.0,1.0,8.95068493150685,0.11172329354147537
kleinch01,2.0,2.0,15.876712328767123,0.12597066436583262
kleskry01,1.0,1.0,15.043835616438356,0.06647240939719541
klubeco01,1.0,1.0,5.073972602739726,0.1970842332613391
kluszte01,4.0,4.0,14.465753424657533,0.27651515151515155
kneppbo01,2.0,2.0,13.794520547945206,0.14498510427010922
knighra01,2.0,2.0,14.07123287671233,0.14213395638629284
knoblch01,4.0,4.0,11.476712328767123,0.34853186918118884
knoopbo01,1.0,1.0,8.443835616438356,0.11842959117456198
knowlda01,1.0,1.0,15.01095890410959,0.06661799598466873
kolbda01,1.0,1.0,8.04931506849315,0.12423417290673928
konerpa01,6.0,6.0,17.065753424657533,0.35158131321239366
konstji01,1.0,1.0,12.263013698630138,0.08154602323503127
koosmje01,2.0,2.0,18.367123287671234,0.10889021479713604
koufasa01,4.0,7.0,11.282191780821918,0.620446818844099
kralija01,0.0,1.0,8.027397260273972,0.12457337883959045
krameja01,1.0,3.0,12.334246575342465,0.2432252332296757
kraneed01,0.0,1.0,17.03287671232877,0.0587099887405501
kreevmi01,1.0,1.0,14.054794520547945,0.07115009746588694
krukjo01,2.0,3.0,9.317808219178081,0.32196412819758896
krukomi01,1.0,1.0,12.75068493150685,0.07842715943274602
kubekto01,2.0,4.0,8.46027397260274,0.47279792746113986
kucksjo01,0.0,1.0,5.446575342465754,0.18360160965794767
kuennha01,7.0,10.0,14.07945205479452,0.7102549134072776
kuoho01,1.0,1.0,6.063013698630137,0.16493447808404882
kurowwh01,3.0,5.0,8.027397260273972,0.6228668941979523
laabsch01,1.0,1.0,10.084931506849315,0.0991578375441456
labincl01,1.0,2.0,12.024657534246575,0.16632490316700843
lackejo01,0.0,1.0,14.271232876712329,0.07007103090804377
lacosmi01,1.0,1.0,12.964383561643835,0.07713440405748098
lahaibr01,1.0,1.0,4.213698630136986,0.2373211963589077
lamanra01,1.0,1.0,7.065753424657534,0.14152772392400156
landiji01,1.0,2.0,10.36986301369863,0.1928665785997358
landrke01,1.0,1.0,10.068493150684931,0.09931972789115646
langsma01,3.0,4.0,15.473972602739726,0.2584985835694051
laniema01,0.0,2.0,15.216438356164383,0.1314368023046453
lankfra01,1.0,1.0,14.128767123287671,0.0707775838665891
lansfca01,1.0,1.0,14.501369863013698,0.06895900245607406
larkeno01,2.0,2.0,5.457534246575342,0.36646586345381527
larkiba01,9.0,12.0,18.153424657534245,0.6610322970117719
larocda01,1.0,2.0,13.293150684931506,0.15045342126957956
laryfr01,3.0,3.0,11.027397260273972,0.2720496894409938
latmaba01,0.0,1.0,9.926027397260274,0.10074523875241513
laudnti01,1.0,1.0,8.021917808219179,0.12465846994535518
lavagco01,2.0,4.0,13.457534246575342,0.2972312703583062
lavelga01,1.0,2.0,13.07123287671233,0.1530077551875917
lawrebr01,0.0,1.0,5.857534246575343,0.1707202993451824
lawtoma02,2.0,2.0,10.7013698630137,0.18689196108550946
lawva01,1.0,1.0,11.353424657534246,0.08807915057915058
lawve01,2.0,2.0,17.202739726027396,0.11626055104315974
lazzeto01,0.0,1.0,13.158904109589042,0.07599417031022278
leach01,1.0,1.0,8.30958904109589,0.120342894823607
leagubr01,1.0,1.0,10.021917808219179,0.09978130125751776
leebi02,2.0,2.0,13.175342465753424,0.15179871075067583
leebi03,0.0,1.0,12.873972602739727,0.07767610129814853
leebo01,0.0,1.0,4.364383561643836,0.22912743251726303
leeca01,3.0,3.0,13.419178082191781,0.2235606369946917
leecl02,4.0,4.0,11.882191780821918,0.3366382291906848
leede02,2.0,2.0,14.427397260273972,0.13862514242309154
leeth01,1.0,2.0,14.756164383561643,0.13553657630894914
lefebji01,1.0,1.0,7.443835616438356,0.13433934486566065
lefloro01,1.0,1.0,8.095890410958905,0.12351945854483924
leibeha01,1.0,3.0,9.449315068493151,0.3174833285010148
leiteal01,2.0,2.0,18.06027397260274,0.11074029126213591
lemahdj01,1.0,1.0,5.342465753424658,0.18717948717948718
lemanda01,0.0,1.0,7.457534246575342,0.13409257898603968
lemasde01,0.0,1.0,9.942465753424658,0.10057867181041609
lemonbo01,4.0,7.0,16.81917808219178,0.41619156214367165
lemonch01,3.0,3.0,15.076712328767123,0.19898237325095403
lemonji01,1.0,2.0,13.117808219178082,0.15246449456975772
leonadu02,1.0,5.0,20.08219178082192,0.24897680763983626
leonaje01,2.0,2.0,13.093150684931507,0.15275162167817535
leppedo02,0.0,1.0,3.249315068493151,0.3077571669477234
lestejo01,3.0,4.0,10.317808219178081,0.3876792352628784
lewisbu01,2.0,2.0,14.04931506849315,0.14235569422776911
lidgebr01,2.0,2.0,10.147945205479452,0.1970842332613391
liebejo01,1.0,1.0,14.32054794520548,0.06982973024679548
liebemi01,2.0,2.0,13.238356164383562,0.15107615894039733
lillyte01,1.0,2.0,14.068493150684931,0.14216163583252192
limajo01,1.0,1.0,12.221917808219178,0.08182021968168572
linceti01,1.0,4.0,9.257534246575343,0.43208049718851727
lindejo01,0.0,1.0,13.065753424657535,0.07653596141748793
lindofr01,1.0,1.0,1.3041095890410959,0.7668067226890757
liriafr01,0.0,1.0,11.07123287671233,0.09032417718386537
litwhda01,1.0,1.0,11.424657534246576,0.08752997601918465
loaizes01,2.0,2.0,13.128767123287671,0.1523372287145242
lockeje01,0.0,1.0,5.043835616438356,0.198261814231396
lockmwh01,1.0,1.0,14.98082191780822,0.06675201170446232
loducpa01,4.0,4.0,10.276712328767124,0.3892295387896561
loesbi01,1.0,1.0,11.334246575342465,0.08822818467488519
loftoke01,5.0,6.0,16.052054794520547,0.37378392217101897
loganjo01,2.0,4.0,12.454794520547946,0.321161460624725
lolicmi01,2.0,3.0,16.378082191780823,0.18317162930746067
lollash01,5.0,9.0,17.394520547945206,0.5174043156402583
lombaer01,5.0,8.0,16.435616438356163,0.4867477912985498
lonboji01,0.0,1.0,14.139726027397261,0.07072272815345863
longda02,1.0,1.0,12.24931506849315,0.08163721762469246
longoev01,2.0,3.0,8.479452054794521,0.35379644588045234
lopated01,1.0,1.0,11.405479452054795,0.08767715589718952
lopatst01,1.0,2.0,11.736986301369862,0.1704014939309057
lopesda01,4.0,4.0,15.04109589041096,0.2659380692167577
lopezal01,2.0,2.0,18.980821917808218,0.10536951501154736
lopezau01,0.0,1.0,12.8,0.078125
lopezfe01,1.0,1.0,10.052054794520547,0.09948214772417553
lopezja01,3.0,3.0,13.964383561643835,0.21483225426721603
lopezjo01,1.0,1.0,8.180821917808219,0.12223710649698594
loretma01,2.0,2.0,14.093150684931507,0.14191290824261277
lowede01,2.0,2.0,16.073972602739726,0.12442474859382989
lowelmi01,4.0,4.0,12.06027397260274,0.33166742389822806
lowrepe01,1.0,1.0,13.386301369863014,0.07470323372902168
lucrojo01,2.0,2.0,6.372602739726028,0.31384350816852963
ludwiry01,1.0,1.0,12.32054794520548,0.08116522125861686
lumpeje01,0.0,1.0,11.463013698630137,0.08723709369024857
luzingr01,4.0,4.0,14.052054794520547,0.28465587833885747
lylesp01,2.0,3.0,15.243835616438357,0.19680086268871314
lynnfr01,9.0,9.0,16.087671232876712,0.5594346049046321
lynnla01,0.0,1.0,4.342465753424658,0.2302839116719243
lyonste01,0.0,1.0,22.895890410958906,0.04367596027282517
macdomi01,0.0,1.0,10.610958904109589,0.09424218951717016
machama01,3.0,3.0,4.1506849315068495,0.7227722772277227
mackra01,1.0,1.0,9.057534246575342,0.1104053236539625
maddugr01,4.0,8.0,22.08219178082192,0.36228287841191065
madlobi01,3.0,3.0,14.082191780821917,0.21303501945525294
maglisa01,1.0,2.0,13.068493150684931,0.1530398322851153
mahafar01,2.0,3.0,5.967123287671233,0.5027548209366391
malonji01,1.0,1.0,11.158904109589042,0.08961453474097716
malzofr01,7.0,8.0,11.046575342465754,0.7242063492063492
mancugu01,2.0,2.0,17.378082191780823,0.11508749802932365
mantife01,1.0,1.0,10.287671232876713,0.09720372836218374
mantlmi01,16.0,20.0,17.46301369863014,1.1452776906181361
manushe01,1.0,1.0,16.0986301369863,0.06211708645336964
maricju01,8.0,10.0,14.75068493150685,0.6779346210995542
marioma01,5.0,8.0,13.23013698630137,0.6046800579830193
marisro01,7.0,7.0,11.463013698630137,0.61065965583174
marmoca01,1.0,1.0,7.936986301369863,0.1259924059371764
marquja01,0.0,1.0,14.975342465753425,0.06677643615075009
marreco01,0.0,1.0,4.383561643835616,0.22812500000000002
marshmi01,1.0,2.0,14.35068493150685,0.13936617029400533
marshmi02,0.0,1.0,9.912328767123288,0.10088446655610835
marshwi01,3.0,3.0,13.178082191780822,0.22765072765072764
martest01,1.0,1.0,4.175342465753425,0.239501312335958
martibi02,1.0,1.0,11.463013698630137,0.08723709369024857
martica04,,1.0,3.4136986301369863,0.2929373996789727
martide01,4.0,4.0,22.04931506849315,0.18141153081510936
martied01,7.0,7.0,17.07123287671233,0.4100465414861178
martihe01,0.0,1.0,8.424657534246576,0.11869918699186992
martijd02,1.0,1.0,5.1808219178082195,0.19301956636700157
martipe01,3.0,4.0,16.471232876712328,0.2428476380572189
martipe02,3.0,8.0,17.027397260273972,0.46983105390185037
martira02,1.0,1.0,12.723287671232876,0.07859603789836349
martiru01,3.0,4.0,10.419178082191781,0.3839074414935577
martist01,0.0,1.0,7.4,0.13513513513513511
martiti01,0.0,1.0,13.7013698630137,0.07298540291941612
martiti02,2.0,2.0,15.128767123287671,0.13219847881202462
martivi01,3.0,5.0,14.07123287671233,0.35533489096573206
masiph01,3.0,4.0,13.32876712328767,0.3001027749229188
masteju01,0.0,1.0,7.295890410958904,0.13706346226060834
mastewa02,2.0,2.0,17.394520547945206,0.11497873680894628
matheed01,10.0,12.0,16.46301369863014,0.72890664003994
matlajo01,2.0,3.0,12.189041095890412,0.2461227242076871
matsuhi01,2.0,2.0,9.317808219178081,0.21464275213172598
matthga01,1.0,1.0,15.07945205479452,0.06631540697674418
matthga02,1.0,1.0,11.002739726027396,0.09088645418326693
mattido01,6.0,6.0,13.07123287671233,0.45902326556277506
mauerjo01,6.0,6.0,12.482191780821918,0.480684811237928
maxwech01,1.0,2.0,13.608219178082193,0.1469700020132877
maybejo01,2.0,2.0,14.057534246575342,0.1422724615084779
mayca01,1.0,2.0,9.076712328767123,0.22034409900392396
mayda01,1.0,1.0,11.186301369863013,0.08939505265735978
mayle01,3.0,3.0,17.073972602739726,0.17570603337612323
mayoed01,0.0,1.0,12.375342465753425,0.08080584458711534
maypi01,1.0,1.0,4.454794520547945,0.22447724477244774
maysjo01,1.0,1.0,7.295890410958904,0.13706346226060834
mayswi01,24.0,24.0,22.30958904109589,1.0757706005157803
mazerbi01,7.0,10.0,16.254794520547946,0.6152031012978256
mazzile01,1.0,1.0,13.068493150684931,0.07651991614255765
mcauldi01,3.0,3.0,14.964383561643835,0.20047601611131455
mcbriba01,0.0,1.0,10.189041095890412,0.09814466254369454
mcbrike01,1.0,3.0,6.035616438356165,0.49704947798456645
mccanbr01,6.0,7.0,11.32054794520548,0.6183446272991288
mccarti01,2.0,2.0,21.084931506849315,0.09485446985446985
mccoobi01,0.0,1.0,6.208219178082191,0.16107678729037953
mccorfr01,6.0,9.0,14.07123287671233,0.6396028037383177
mccormi03,2.0,4.0,14.723287671232876,0.27167845180498695
mccovwi01,6.0,6.0,20.95068493150685,0.28638681836014124
mcculcl01,0.0,2.0,16.243835616438357,0.1231236296171361
mccutan01,5.0,5.0,7.3342465753424655,0.6817332835263354
mcdanli01,1.0,2.0,20.08219178082192,0.09959072305593451
mcdougi01,4.0,6.0,9.46027397260274,0.6342311033883579
mcdowja01,3.0,3.0,11.904109589041095,0.2520138089758343
mcdowsa01,4.0,6.0,13.780821917808218,0.43538767395626243
mcgeewi01,4.0,4.0,17.410958904109588,0.22974036191974825
mcgloji01,1.0,1.0,8.027397260273972,0.12457337883959045
mcgloly01,1.0,1.0,10.241095890410959,0.09764579989299091
mcgratu01,1.0,2.0,19.45205479452055,0.10281690140845069
mcgresc01,0.0,1.0,11.610958904109589,0.08612553091080698
mcgrifr01,5.0,5.0,18.175342465753424,0.27509798010250225
mcgwima01,9.0,12.0,15.136986301369863,0.7927601809954752
mclaide01,3.0,3.0,8.983561643835616,0.33394327538883806
mclisca01,1.0,1.0,20.183561643835617,0.0495452694448215
mclouna01,1.0,1.0,9.095890410958905,0.10993975903614457
mcmahdo02,0.0,1.0,17.008219178082193,0.058795103092783504
mcmilro01,2.0,2.0,15.306849315068494,0.1306604617862896
mcnalda01,2.0,3.0,12.706849315068494,0.23609314359637773
mcquige02,3.0,7.0,12.476712328767123,0.5610452349582784
mcraeha01,3.0,3.0,19.027397260273972,0.15766738660907129
mechegi01,0.0,1.0,11.252054794520548,0.088872656440224
medwijo01,10.0,10.0,15.904109589041095,0.6287683031869079
meekev01,0.0,1.0,6.484931506849315,0.15420363329108577
melanma01,2.0,3.0,7.441095890410959,0.40316642120765833
meltobi01,0.0,1.0,9.32876712328767,0.10719530102790015
meltocl01,0.0,1.0,7.435616438356164,0.13448784082535004
menkede01,2.0,2.0,12.246575342465754,0.16331096196868009
merriji01,1.0,1.0,9.810958904109588,0.10192683607930746
mesajo01,1.0,2.0,20.065753424657533,0.09967231021299837
mesorde01,1.0,1.0,4.652054794520548,0.2149587750294464
messean01,1.0,4.0,10.915068493150685,0.36646586345381527
michaca01,2.0,2.0,11.03013698630137,0.18132141082960754
mileywa01,1.0,1.0,5.120547945205479,0.19529159978598182
millafe01,2.0,3.0,11.202739726027398,0.2677916360968452
millean01,1.0,1.0,10.098630136986301,0.09902333152468801
milleda02,1.0,1.0,10.145205479452056,0.09856872805833107
milleed03,4.0,7.0,14.04931506849315,0.49824492979719187
millesh01,,1.0,4.065753424657534,0.2459568733153639
millest01,2.0,2.0,15.706849315068494,0.1273329844758416
millwke01,1.0,1.0,15.175342465753424,0.06589637118613469
milnaal01,0.0,1.0,10.117808219178082,0.09883563498510696
miltoer01,0.0,1.0,11.235616438356164,0.08900268227261644
minchdo01,2.0,2.0,12.471232876712328,0.16036906854130054
minosmi01,8.0,9.0,31.484931506849314,0.28585102680125307
mintogr01,1.0,1.0,15.07123287671233,0.0663515724413743
mitchda01,2.0,2.0,10.038356164383561,0.19923580786026202
mitchke01,2.0,2.0,13.92054794520548,0.1436725054123204
mizejo01,10.0,10.0,17.457534246575342,0.5728185812931575
mizelvi01,0.0,2.0,10.263013698630138,0.194874532835024
molinya01,5.0,7.0,12.33972602739726,0.5672735346358793
molitpa01,6.0,7.0,20.487671232876714,0.34166889542658463
monbobi01,1.0,4.0,10.136986301369863,0.3945945945945946
mondari01,2.0,2.0,17.80821917808219,0.11230769230769232
mondera01,1.0,1.0,11.863013698630137,0.08429561200923787
moneydo01,2.0,4.0,15.446575342465753,0.25895707697765163
mongesi01,0.0,1.0,9.057534246575342,0.1104053236539625
montawi01,1.0,1.0,16.484931506849314,0.06066145919893635
montejo01,1.0,1.0,11.665753424657535,0.08572099577266322
montemi01,2.0,2.0,10.07945205479452,0.1984234846425659
montgje01,2.0,3.0,12.178082191780822,0.24634420697412823
moonwa01,3.0,3.0,11.424657534246576,0.26258992805755393
mooredo01,1.0,1.0,12.906849315068493,0.07747824241137763
moorege03,0.0,1.0,14.04109589041096,0.07121951219512195
moorejo02,3.0,6.0,11.01917808219178,0.5445052212829438
moorema02,1.0,1.0,5.054794520547945,0.1978319783197832
mooremi01,1.0,1.0,13.397260273972602,0.07464212678936606
moorete01,4.0,4.0,13.452054794520548,0.2973523421588595
moralje01,1.0,1.0,14.07123287671233,0.07106697819314642
morame01,2.0,2.0,12.09041095890411,0.16542034896895536
moranbi02,2.0,2.0,7.46027397260274,0.2680866691149468
moranmi01,1.0,1.0,10.09041095890411,0.0991039913114309
morgajo02,9.0,10.0,21.041095890410958,0.4752604166666667
morgami01,1.0,1.0,24.243835616438357,0.041247598598711716
morneju01,3.0,4.0,13.323287671232876,0.30022619782027554
morrija02,5.0,5.0,17.043835616438358,0.2933611959492043
morrima01,1.0,2.0,11.068493150684931,0.1806930693069307
morynwa01,0.0,1.0,7.254794520547946,0.13783987915407855
mosebll01,1.0,1.0,11.375342465753425,0.08790944123314065
mosesje01,0.0,1.0,10.257534246575343,0.09748931623931624
moseswa01,0.0,2.0,16.465753424657535,0.12146422628951746
mossbr01,1.0,1.0,9.164383561643836,0.10911808669656202
mossido01,1.0,1.0,11.465753424657533,0.08721624850657109
motama01,1.0,1.0,20.39178082191781,0.04903936584710466
moustmi01,1.0,1.0,4.953424657534247,0.20188053097345132
moyerja01,1.0,1.0,25.964383561643835,0.038514297773557034
muelldo01,2.0,2.0,10.753424657534246,0.18598726114649683
muellra01,1.0,1.0,16.34246575342466,0.06119027661357921
mujiced01,0.0,1.0,9.29041095890411,0.10763786493659687
mulcahu01,0.0,1.0,11.797260273972602,0.08476544356711566
muldema01,2.0,2.0,8.23013698630137,0.2430093209054594
mulhote01,1.0,1.0,20.0,0.05
mullipa01,1.0,2.0,13.032876712328767,0.15345806180365779
mumphje01,1.0,1.0,14.065753424657535,0.07109466303077522
muncrbo01,1.0,1.0,13.561643835616438,0.07373737373737374
mungere01,1.0,3.0,13.408219178082192,0.22374335921536576
mungova01,2.0,4.0,13.997260273972604,0.28577020943433157
munsoth01,6.0,7.0,9.986301369863014,0.700960219478738
murcebo01,5.0,5.0,17.767123287671232,0.28141865844255975
murphda05,7.0,7.0,16.695890410958903,0.41926485067279295
murphda08,2.0,2.0,8.172602739726027,0.24472008045591687
murphjo04,0.0,3.0,15.336986301369864,0.19560557341907822
murraed02,6.0,8.0,20.46849315068493,0.39084459911658415
musiast01,24.0,24.0,22.046575342465754,1.0886044488629303
mussimi01,3.0,5.0,17.164383561643834,0.2913008778930567
myerbu01,0.0,2.0,16.005479452054793,0.12495720643615202
myersra01,4.0,4.0,12.978082191780821,0.3082119484906059
myerswi01,1.0,1.0,3.293150684931507,0.3036605657237937
nagych01,2.0,3.0,12.931506849315069,0.2319915254237288
napolmi01,1.0,1.0,10.421917808219177,0.09595162986330179
narlera01,1.0,2.0,5.446575342465754,0.36720321931589534
nathajo01,6.0,6.0,17.44931506849315,0.34385303815355633
navardi01,1.0,1.0,12.07123287671233,0.08284157966409442
neaglde01,1.0,2.0,11.98904109589041,0.16681901279707495
nealch01,3.0,3.0,7.454794520547945,0.402425578831312
nelsoda01,1.0,1.0,9.468493150684932,0.10561342592592593
nelsoje01,1.0,1.0,14.136986301369863,0.07073643410852713
nenro01,2.0,3.0,9.473972602739726,0.316657027183343
neshepa01,1.0,1.0,10.235616438356164,0.09769807280513919
nettlgr01,6.0,6.0,21.084931506849315,0.28456340956340953
nevinph01,1.0,1.0,11.30958904109589,0.08842054263565892
newcodo01,4.0,4.0,11.375342465753425,0.3516377649325626
newhoha01,5.0,7.0,15.602739726027398,0.4486391571553995
newmaje01,0.0,1.0,8.194520547945206,0.12203276496155131
newsobo01,2.0,4.0,24.03287671232877,0.16643866849065206
nichobi01,4.0,5.0,17.279452054794522,0.2893610274298398
niekrjo01,0.0,1.0,21.052054794520547,0.04750130140551796
niekrph01,2.0,5.0,23.465753424657535,0.2130764740221833
nilssda01,1.0,1.0,7.380821917808219,0.1354862657757981
nokesma01,1.0,1.0,10.07123287671233,0.09929270946681175
nolanga01,0.0,1.0,10.435616438356165,0.09582567603045418
nomohi01,1.0,1.0,12.972602739726028,0.07708553326293559
norenir01,1.0,1.0,10.463013698630137,0.09557475778999738
norride01,1.0,1.0,4.282191780821917,0.23352527191298786
norrimi01,1.0,1.0,15.243835616438357,0.06560028756290438
nunezed02,1.0,1.0,6.1068493150684935,0.16375056078959174
nuxhajo01,1.0,2.0,22.326027397260273,0.08958154374769911
odayda01,,1.0,8.506849315068493,0.1175523349436393
odeake01,0.0,1.0,11.301369863013699,0.08848484848484849
odellbi01,2.0,2.0,13.238356164383562,0.15107615894039733
odombl01,2.0,2.0,11.956164383561644,0.16727772685609532
odonojo01,0.0,1.0,7.734246575342466,0.12929507616011335
odoulle01,1.0,1.0,15.432876712328767,0.06479673353452867
offerjo01,2.0,2.0,15.131506849315068,0.13217454282093066
ogandal01,1.0,1.0,6.035616438356165,0.16568315932818883
oglivbe01,3.0,3.0,15.095890410958905,0.19872958257713247
okajihi01,0.0,1.0,6.2027397260273975,0.16121908127208479
olerujo01,2.0,2.0,16.09041095890411,0.12429763323684659
olivato01,6.0,8.0,14.065753424657535,0.5687573042462017
oliveal01,7.0,7.0,17.043835616438358,0.410705674328886
olsongr01,0.0,1.0,12.810958904109588,0.07805816937553466
olsongr02,1.0,1.0,4.263013698630137,0.23457583547557842
oneilpa01,5.0,5.0,16.104109589041094,0.3104797550187139
ontivst02,1.0,1.0,15.30958904109589,0.06531853972798855
ordonma01,6.0,6.0,14.087671232876712,0.425904317386231
oroscje01,1.0,2.0,24.495890410958904,0.0816463482831898
ortajo01,0.0,2.0,15.161643835616438,0.1319118178532707
ortizda01,9.0,10.0,19.095890410958905,0.5236728837876614
ortizru01,1.0,1.0,12.04931506849315,0.08299226921327876
osteecl01,2.0,3.0,18.23835616438356,0.16448850833708878
oswalro01,2.0,3.0,12.408219178082192,0.24177522631927578
otisam01,4.0,5.0,16.926027397260274,0.2954030430560052
otoolji01,1.0,1.0,8.824657534246576,0.11331884507916795
ottme01,11.0,12.0,21.21917808219178,0.565526145900581
owenmi01,2.0,4.0,17.372602739726027,0.23024759501655892
ozunama01,1.0,1.0,3.421917808219178,0.2922337870296237
pacioto01,1.0,1.0,17.07123287671233,0.058578077355159686
padilvi01,1.0,1.0,13.271232876712329,0.07535094962840627
pafkoan01,4.0,5.0,16.024657534246575,0.31201914857240554
pagejo01,1.0,3.0,10.104109589041096,0.29690889370932755
pagnoto01,1.0,1.0,11.35068493150685,0.08810041033067825
paigesa01,1.0,2.0,17.224657534246575,0.11611261332909179
palmede01,1.0,1.0,13.693150684931506,0.07302921168467387
palmeji01,5.0,6.0,19.08219178082192,0.31442928930366115
palmera01,4.0,4.0,18.98904109589041,0.2106478141682297
panikjo01,1.0,1.0,2.367123287671233,0.4224537037037037
papeljo01,4.0,6.0,11.024657534246575,0.544234592445328
pappami01,3.0,3.0,16.117808219178084,0.18612952575216724
parkch01,1.0,1.0,16.493150684931507,0.0606312292358804
parkeda01,6.0,7.0,18.235616438356164,0.3838641826923077
parneme01,2.0,2.0,9.452054794520548,0.21159420289855074
parrila01,2.0,2.0,14.082191780821917,0.14202334630350194
parrila02,7.0,8.0,18.06027397260274,0.44296116504854366
pascuca02,3.0,7.0,17.065753424657533,0.4101781987477926
passecl01,3.0,5.0,11.975342465753425,0.4175245939144361
patekfr01,2.0,3.0,13.342465753424657,0.22484599589322382
pattima01,0.0,1.0,12.391780821917807,0.08069865133760779
pavanca01,1.0,1.0,14.035616438356165,0.07124731602576614
pavliro01,1.0,1.0,5.978082191780822,0.16727772685609532
pearsal02,1.0,1.0,8.26027397260274,0.12106135986733002
pearsmo01,0.0,2.0,9.293150684931506,0.2152122641509434
peavyja01,2.0,3.0,14.26027397260274,0.21037463976945245
pederjo01,1.0,1.0,2.0876712328767124,0.479002624671916
pedrodu01,2.0,4.0,10.12054794520548,0.39523551705468324
penaca01,0.0,1.0,12.857534246575343,0.07777541018538249
penato01,5.0,5.0,17.084931506849315,0.2926555484284798
pencehu01,2.0,3.0,9.438356164383562,0.3178519593613933
pendlte01,1.0,1.0,14.197260273972603,0.07043612504824392
pennybr01,2.0,2.0,14.479452054794521,0.13812677388836328
pepitjo01,3.0,3.0,11.131506849315068,0.2695052916564115
peraljh01,3.0,3.0,13.317808219178081,0.2252622917095248
percitr01,3.0,4.0,14.07945205479452,0.28410196536291105
perezca01,1.0,1.0,5.364383561643836,0.186414708886619
perezch01,1.0,2.0,6.353424657534247,0.31479085812850366
perezod01,1.0,1.0,10.082191780821917,0.09918478260869566
perezpa01,1.0,1.0,11.41095890410959,0.08763505402160864
perezsa02,4.0,4.0,5.1506849315068495,0.776595744680851
perezto01,7.0,7.0,22.208219178082192,0.31519861830742657
perkigl01,2.0,3.0,9.558904109589042,0.31384350816852963
perryga01,5.0,5.0,21.45205479452055,0.23307790549169857
perryge01,1.0,1.0,12.043835616438356,0.08303002729754322
perryji01,1.0,3.0,16.295890410958904,0.18409549428379288
peskyjo01,1.0,1.0,12.454794520547946,0.08029036515618125
peterfr01,1.0,1.0,10.186301369863013,0.09817105970952125
peterga01,1.0,2.0,13.046575342465754,0.15329693406131875
petrori01,2.0,2.0,12.991780821917809,0.1539434837621257
petryda01,1.0,1.0,12.252054794520548,0.08161896243291591
pettian01,2.0,3.0,18.43013698630137,0.1627768693325405
phelpba01,2.0,3.0,11.035616438356165,0.2718470705064548
phillbr01,3.0,3.0,14.04931506849315,0.21353354134165367
piazzmi01,11.0,12.0,15.087671232876712,0.7953513709823861
piercbi02,4.0,7.0,19.353424657534248,0.3616930917327293
piersji01,2.0,2.0,16.65753424657534,0.12006578947368422
pierzaj01,1.0,2.0,18.016438356164382,0.11100973236009733
pinedmi01,1.0,1.0,5.493150684931507,0.18204488778054861
pinielo01,1.0,1.0,19.794520547945204,0.050519031141868516
pinsova01,3.0,4.0,17.465753424657535,0.22901960784313724
pizarju01,1.0,2.0,17.40821917808219,0.11488825936418004
plesada01,3.0,3.0,17.476712328767125,0.17165699952970684
pocorbi01,1.0,1.0,8.994520547945205,0.11117879987816022
podrejo01,2.0,4.0,16.18904109589041,0.24708072431883568
podsesc01,1.0,1.0,11.252054794520548,0.088872656440224
polanpl01,1.0,2.0,15.24931506849315,0.13115343154868847
polleho01,1.0,3.0,15.104109589041096,0.19862144023217848
polloaj01,1.0,1.0,4.397260273972603,0.22741433021806853
pomerdr01,1.0,1.0,5.063013698630137,0.19751082251082253
portebo01,1.0,1.0,11.126027397260273,0.08987934006402365
porteda02,3.0,4.0,16.0986301369863,0.24846834581347857
posadjo01,5.0,5.0,16.076712328767123,0.3110088616223586
poseybu01,4.0,4.0,7.063013698630137,0.5663304887509698
powelbo01,3.0,4.0,15.92054794520548,0.2512476337979694
powervi01,5.0,6.0,11.482191780821918,0.5225483178239084
pradoma01,1.0,1.0,10.452054794520548,0.09567496723460027
preslji01,0.0,1.0,6.956164383561644,0.14375738479716424
priceda01,3.0,5.0,8.054794520547945,0.6207482993197279
priorma01,0.0,1.0,4.221917808219178,0.23685918234912395
puckeki01,10.0,10.0,11.397260273972602,0.8774038461538463
puhlte01,0.0,1.0,13.887671232876713,0.0720063128822253
puigya01,1.0,1.0,3.334246575342466,0.29991783073130646
pujolal01,9.0,10.0,15.495890410958904,0.6453323903818954
purkebo01,3.0,5.0,12.29041095890411,0.4068212215782434
putzjj01,1.0,1.0,10.863013698630137,0.09205548549810845
quantpa01,1.0,1.0,13.197260273972603,0.07577330288561346
quentca01,2.0,2.0,8.021917808219179,0.24931693989071035
quintjo01,1.0,1.0,4.4,0.22727272727272727
quiseda01,2.0,3.0,10.8,0.27777777777777773
radatdi01,2.0,2.0,7.353424657534247,0.2719821162444113
radclri01,1.0,1.0,9.038356164383561,0.11063958775386482
radkebr01,1.0,1.0,11.424657534246576,0.08752997601918465
raffeke01,1.0,1.0,15.115068493150686,0.06615914446257024
raineti01,7.0,7.0,23.065753424657533,0.3034802233044305
ramiral03,1.0,1.0,8.512328767123288,0.1174766655938204
ramirar01,3.0,3.0,17.367123287671234,0.17274017983909132
ramirha01,3.0,3.0,11.04109589041096,0.271712158808933
ramirma02,9.0,12.0,17.602739726027398,0.6817120622568094
ramirra01,0.0,1.0,12.172602739726027,0.08215169930227324
ramosaj01,0.0,1.0,4.073972602739726,0.24546065904505715
ramospe01,0.0,1.0,15.04931506849315,0.06644820680866557
ramoswi01,1.0,1.0,6.4082191780821915,0.15604959384352288
randowi01,5.0,6.0,17.197260273972603,0.34889278317667677
raschvi01,4.0,4.0,8.978082191780821,0.4455294476655478
rawlesh01,0.0,1.0,11.457534246575342,0.08727881396461024
rayjo01,1.0,1.0,9.082191780821917,0.110105580693816
raymocl01,0.0,1.0,12.454794520547946,0.08029036515618125
reardje01,2.0,4.0,14.7013698630137,0.2720834886321282
redmama01,0.0,1.0,8.978082191780821,0.11138236191638695
reedri01,0.0,2.0,15.142465753424657,0.1320788854713226
reedro01,1.0,1.0,18.02191780821918,0.05548799027059896
reesepe01,8.0,10.0,18.438356164383563,0.5423476968796433
reganph01,0.0,1.0,11.997260273972604,0.08335236355332266
reisepe01,2.0,3.0,11.95890410958904,0.2508591065292096
reitzke01,1.0,1.0,9.747945205479452,0.10258572231590782
remlimi01,1.0,1.0,15.03013698630137,0.06653299307327744
remyje01,0.0,1.0,9.12054794520548,0.10964253529588464
renteed01,5.0,5.0,15.394520547945206,0.32479088805837336
repulri01,1.0,1.0,8.183561643835617,0.12219618346166722
reuscri01,3.0,3.0,18.852054794520548,0.15913384682458945
reussje01,2.0,2.0,21.03013698630137,0.09510161542470037
reyesjo01,1.0,4.0,13.32054794520548,0.3002879473467709
reynoal01,2.0,6.0,12.03013698630137,0.49874743794124343
reynocr01,1.0,2.0,14.167123287671233,0.14117192032488882
reynoha01,2.0,2.0,10.936986301369863,0.18286573146292584
reynosh01,0.0,1.0,11.947945205479453,0.08369639990827792
rhodear01,0.0,1.0,20.115068493150684,0.049713974393898124
rhoderi01,1.0,2.0,15.246575342465754,0.13117699910152741
ricede01,0.0,1.0,16.34246575342466,0.06119027661357921
riceji01,7.0,8.0,14.967123287671233,0.5345048508145708
richabo01,6.0,8.0,11.167123287671233,0.7163886162904809
richajr01,1.0,1.0,8.863013698630137,0.11282843894899536
richepe01,2.0,2.0,12.4,0.16129032258064516
riddlel01,0.0,1.0,9.846575342465753,0.10155815247634947
riggsle01,1.0,1.0,11.975342465753425,0.08350491878288721
righeda01,2.0,2.0,16.016438356164382,0.12487170715018817
rignebi01,1.0,1.0,7.413698630136986,0.13488543976348855
rijojo01,0.0,1.0,18.493150684931507,0.05407407407407407
riosal01,1.0,2.0,11.361643835616439,0.1760308656860381
ripkeca01,18.0,19.0,20.16986301369863,0.9419994566693832
riverma01,9.0,13.0,18.35890410958904,0.70810326816893
rivermi01,1.0,1.0,14.167123287671233,0.07058596016244441
rizzoan01,3.0,3.0,5.32054794520548,0.5638516992790937
rizzuph01,4.0,5.0,15.35068493150685,0.3257183651615206
roberbi01,1.0,1.0,12.482191780821918,0.08011413520632134
roberbr01,2.0,2.0,13.128767123287671,0.1523372287145242
roberda08,1.0,1.0,8.254794520547945,0.12114171921672752
roberro01,5.0,7.0,18.221917808219178,0.3841527589836115
robinaa01,0.0,1.0,8.402739726027397,0.11900880339093578
robinbr01,18.0,18.0,21.92054794520548,0.8211473565804274
robined01,4.0,4.0,15.027397260273972,0.2661804922515953
robinfr02,11.0,14.0,20.435616438356163,0.6850784287437994
robinja02,6.0,6.0,9.468493150684932,0.6336805555555556
rodnefe01,3.0,3.0,14.421917808219177,0.20801671732522797
rodrial01,11.0,14.0,22.112328767123287,0.6331309627059843
rodriel01,0.0,2.0,8.361643835616439,0.23918741808650062
rodrifr03,6.0,6.0,14.043835616438356,0.42723371049551306
rodrihe02,1.0,1.0,9.843835616438357,0.10158641803506818
rodriiv01,14.0,14.0,20.28767123287671,0.6900742741390953
roepr01,1.0,5.0,16.046575342465754,0.3115929656820898
rogerke01,3.0,4.0,19.454794520547946,0.20560484438811436
rogerst01,3.0,5.0,11.843835616438357,0.42216053666435344
rojasco01,4.0,5.0,15.487671232876712,0.3228374314523262
rolensc01,5.0,7.0,16.183561643835617,0.4325376671745387
rolfere01,2.0,4.0,11.254794520547945,0.35540408958130476
rolliji01,3.0,3.0,15.734246575342466,0.19066689883336235
rolliri01,2.0,2.0,9.284931506849315,0.2154027736795515
romanjo01,3.0,4.0,8.983561643835616,0.44525770051845076
romerri01,0.0,1.0,4.465753424657534,0.22392638036809814
romose01,0.0,1.0,8.273972602739725,0.12086092715231789
rosadjo01,2.0,2.0,3.884931506849315,0.5148095909732017
rosarbu01,3.0,5.0,12.4,0.4032258064516129
rosebjo01,3.0,6.0,13.167123287671233,0.4556803995006242
rosenal01,4.0,4.0,9.063013698630137,0.441354292623942
rosengo01,0.0,1.0,9.038356164383561,0.11063958775386482
rosentr01,,1.0,4.208219178082191,0.23763020833333337
rosepe01,16.0,17.0,23.375342465753423,0.7272620721987811
rossty01,0.0,1.0,5.997260273972603,0.1667428049337597
rowanaa01,1.0,1.0,10.210958904109589,0.09793399517037832
rowesc01,2.0,3.0,16.424657534246574,0.18265221017514596
rudijo01,3.0,3.0,15.490410958904109,0.1936681995047754
ruffire01,3.0,6.0,23.306849315068494,0.257435053485365
ruizca01,1.0,1.0,10.41095890410959,0.09605263157894736
runnepe01,5.0,5.0,12.87945205479452,0.3882152733460966
rushbo01,1.0,2.0,12.301369863013699,0.16258351893095768
russead02,1.0,1.0,1.452054794520548,0.6886792452830188
russebi01,3.0,3.0,17.495890410958904,0.17146883808330723
russeja01,0.0,1.0,14.26849315068493,0.07008448540706606
russeje01,2.0,2.0,13.134246575342466,0.15227367542761786
russoma01,0.0,1.0,7.167123287671233,0.13952599388379205
ruthba01,2.0,2.0,20.898630136986302,0.09570005243838489
ruthvdi01,1.0,2.0,13.046575342465754,0.15329693406131875
ryanbj01,2.0,2.0,9.945205479452055,0.20110192837465565
ryanco01,1.0,1.0,12.021917808219179,0.08318140382862352
ryanno01,5.0,8.0,27.04931506849315,0.29575610250177253
sabatcc01,2.0,6.0,15.487671232876712,0.38740491774279145
saberbr01,2.0,3.0,17.353424657534248,0.1728765393116514
saboch01,3.0,3.0,8.419178082191781,0.3563293198828506
sainjo01,2.0,3.0,13.252054794520548,0.22637998759561712
saitota01,1.0,1.0,6.482191780821918,0.15426880811496196
salazda01,0.0,1.0,3.1671232876712327,0.3157439446366782
salech01,4.0,5.0,6.161643835616438,0.8114717652289907
samarje01,0.0,1.0,8.183561643835617,0.12219618346166722
sambijo01,1.0,1.0,11.210958904109589,0.08919843597262953
samueju01,2.0,3.0,15.101369863013698,0.19865747460087083
sanchaa01,1.0,1.0,2.197260273972603,0.45511221945137154
sanchfr01,2.0,3.0,8.753424657534246,0.3427230046948357
sanchga01,1.0,1.0,6.032876712328767,0.16575840145322435
sandbry01,10.0,10.0,16.08219178082192,0.6218057921635434
sandere02,1.0,1.0,15.945205479452055,0.0627147766323024
sandesc01,0.0,1.0,17.786301369863015,0.0562230437461491
sandopa01,2.0,2.0,7.66027397260274,0.26108726752503575
sanfoja02,1.0,1.0,10.893150684931507,0.09180080482897383
sanguma01,1.0,3.0,13.213698630136987,0.22703711382956665
santaer01,1.0,1.0,11.375342465753425,0.08790944123314065
santajo01,3.0,4.0,12.38082191780822,0.3230803275060854
santibe01,4.0,5.0,18.586301369863012,0.2690153301886793
santihe01,,1.0,5.243835616438356,0.19070010449320793
santijo02,0.0,1.0,6.8273972602739725,0.14646869983948635
santoro01,8.0,9.0,14.26849315068493,0.6307603686635945
sasakka01,2.0,2.0,3.4821917808219176,0.5743509047993706
sauerha01,2.0,2.0,17.947945205479453,0.11143336895130514
saundjo01,1.0,1.0,9.117808219178082,0.10967548076923077
saundmi01,1.0,1.0,7.1945205479452055,0.138994668697639
saxst01,5.0,5.0,12.728767123287671,0.392811020232458
scarbra01,0.0,1.0,11.257534246575343,0.0888293988805062
scheiri01,1.0,1.0,9.06027397260274,0.11037193831267009
scherma01,3.0,4.0,8.432876712328767,0.47433398310591296
schilcu01,3.0,6.0,19.06027397260274,0.31479085812850366
schmibo02,0.0,1.0,7.153424657534247,0.13979318268862503
schmija01,1.0,3.0,14.282191780821918,0.2100517935929407
schmijo01,1.0,2.0,15.013698630136986,0.1332116788321168
schmimi01,10.0,12.0,16.71780821917808,0.7177974434611603
schoere01,9.0,10.0,18.232876712328768,0.5484598046581518
schroke01,0.0,1.0,7.156164383561644,0.139739663093415
schumha02,1.0,2.0,15.457534246575342,0.1293867422899681
schwado01,1.0,1.0,5.895890410958904,0.1696096654275093
sciosmi01,2.0,2.0,12.46027397260274,0.16051011433597184
scorehe01,1.0,2.0,7.057534246575343,0.28338509316770183
scottge02,3.0,3.0,13.468493150684932,0.22274206672091132
scottmi03,2.0,3.0,11.994520547945205,0.25011420740063955
scutama01,0.0,1.0,12.016438356164384,0.08321933424532603
seageco01,1.0,1.0,1.082191780821918,0.9240506329113923
seageky01,1.0,1.0,5.243835616438356,0.19070010449320793
seaveto01,8.0,12.0,19.44931506849315,0.6169883082124243
segurje01,1.0,1.0,4.1945205479452055,0.23840627041149576
seitzke01,2.0,2.0,11.076712328767123,0.18055899084837992
seleaa01,1.0,2.0,14.265753424657534,0.14019589014787787
selkige01,2.0,2.0,8.131506849315068,0.2459568733153639
seminan01,1.0,1.0,14.03013698630137,0.07127514157391135
sewellu01,0.0,1.0,21.101369863013698,0.04739028823682161
sewelri01,3.0,4.0,17.276712328767122,0.23152553124008882
sexsori01,2.0,2.0,10.92054794520548,0.1831409934771701
shantbo01,1.0,3.0,15.424657534246576,0.19449378330373002
sharpmi01,1.0,1.0,8.27945205479452,0.12078093977498346
shawbo01,1.0,1.0,10.09041095890411,0.0991039913114309
shawje01,2.0,2.0,11.443835616438356,0.17476657888436678
sheasp01,1.0,1.0,8.361643835616439,0.11959370904325031
sheetbe01,4.0,4.0,11.504109589041096,0.34770183376994523
sheffga01,9.0,9.0,21.087671232876712,0.42678965830843185
sherrge01,1.0,1.0,7.736986301369863,0.12924929178470254
shielja02,0.0,1.0,10.345205479452055,0.09666313559322033
shortch02,2.0,2.0,14.427397260273972,0.13862514242309154
siebedi01,1.0,1.0,13.052054794520547,0.07661628883291352
siebeno01,2.0,4.0,12.131506849315068,0.32971996386630537
siebeso01,1.0,2.0,11.421917808219177,0.17510194291196932
sierrru01,4.0,4.0,20.117808219178084,0.1988288165599891
sievero01,3.0,5.0,16.06027397260274,0.31132719208461274
simmoal01,3.0,3.0,20.224657534246575,0.14833378488214577
simmocu01,3.0,3.0,20.02191780821918,0.1498357963875205
simmote01,5.0,8.0,20.043835616438358,0.39912520503007104
simonal01,1.0,1.0,8.002739726027396,0.12495720643615202
simpsha01,1.0,1.0,8.441095890410958,0.11846802986043493
simpswa01,0.0,1.0,7.47945205479452,0.1336996336996337
singebi01,2.0,2.0,12.816438356164383,0.15604959384352288
singlke01,3.0,3.0,14.265753424657534,0.2102938352218168
sisledi01,1.0,1.0,7.298630136986302,0.13701201201201202
sizemgr01,3.0,3.0,11.208219178082192,0.2676607186506966
skinnbo01,3.0,3.0,12.457534246575342,0.2408181218385749
skowrbi01,5.0,8.0,13.476712328767123,0.5936165887375483
slatoji01,0.0,1.0,15.468493150684932,0.06464753808005667
slaugen01,10.0,10.0,21.46027397260274,0.4659772756287502
slocuhe01,1.0,1.0,9.468493150684932,0.10561342592592593
smallro02,1.0,1.0,12.438356164383562,0.08039647577092511
smilejo01,2.0,2.0,11.002739726027396,0.18177290836653387
smithal03,0.0,1.0,11.372602739726027,0.087930619127921
smithal04,3.0,3.0,11.243835616438357,0.266812865497076
smithda02,1.0,2.0,12.167123287671233,0.16437739247917135
smithed04,1.0,2.0,11.005479452054795,0.1817276574558128
smithha09,1.0,3.0,9.189041095890412,0.32647584973166366
smithle02,3.0,7.0,16.843835616438355,0.41558230318802863
smithlo01,1.0,1.0,15.947945205479453,0.06270400274866861
smithoz01,14.0,15.0,18.493150684931507,0.8111111111111111
smithre06,7.0,7.0,16.052054794520547,0.43608124253285546
smoltjo01,6.0,8.0,21.202739726027396,0.37730972993926865
snidedu01,7.0,8.0,17.476712328767125,0.4577519987458849
sorenla01,1.0,1.0,11.306849315068494,0.0884419675308941
soriaal01,6.0,7.0,14.816438356164383,0.472448224852071
soriajo01,1.0,2.0,9.504109589041096,0.21043528394349956
soriara01,1.0,1.0,13.23013698630137,0.07558500724787741
sosasa01,6.0,7.0,18.2986301369863,0.38254229675101065
sotoge01,1.0,1.0,10.898630136986302,0.09175465057817998
sotoma01,3.0,3.0,10.912328767123288,0.274918403213658
spahnwa01,7.0,17.0,23.46849315068493,0.7243754377772589
speiech01,2.0,3.0,18.4986301369863,0.16217417061611375
spencji01,1.0,1.0,13.791780821917808,0.07250695272149385
spencst01,3.0,4.0,9.323287671232876,0.42903320599471056
spiveju01,1.0,1.0,4.323287671232877,0.23130544993662863
spraged02,1.0,1.0,10.427397260273972,0.09590120861797163
stalege01,1.0,4.0,14.443835616438356,0.2769347496206373
stanhdo01,0.0,1.0,10.438356164383562,0.09580052493438321
stanked01,1.0,3.0,10.26849315068493,0.29215581643543226
stanlbo01,2.0,2.0,12.397260273972602,0.16132596685082873
stanlmi02,1.0,1.0,14.276712328767124,0.07004413740165036
stantmi02,1.0,1.0,18.112328767123287,0.05521101194978067
stantmi03,1.0,3.0,6.323287671232877,0.4744367417677643
stargwi01,7.0,7.0,20.06027397260274,0.3489483747609943
starrra01,0.0,1.0,13.04931506849315,0.07663237455385262
staubru01,4.0,6.0,22.50958904109589,0.2665530671859786
stearjo01,3.0,4.0,10.03013698630137,0.39879814258399343
steinte01,3.0,3.0,13.06027397260274,0.22970421648835745
stenhda01,1.0,2.0,2.4657534246575343,0.8111111111111111
stephve01,6.0,8.0,13.802739726027397,0.5795950774116713
stewada01,1.0,1.0,16.827397260273973,0.05942689677629437
stiebda01,7.0,7.0,19.254794520547946,0.3635458167330677
stigmdi01,0.0,2.0,6.389041095890411,0.3130360205831904
stillku01,1.0,1.0,10.471232876712328,0.09549973835688122
stirnsn01,1.0,2.0,9.038356164383561,0.22127917550772963
stonebi01,1.0,1.0,6.961643835616439,0.14364423455332545
stonede01,1.0,1.0,9.775342465753425,0.1022982062780269
stonest01,1.0,1.0,10.484931506849316,0.09537496733733995
stottme01,4.0,5.0,10.016438356164384,0.49917943107221
strasst01,1.0,2.0,6.254794520547946,0.31975470871660094
stratmo01,0.0,1.0,4.323287671232877,0.23130544993662863
strawda01,6.0,8.0,16.421917808219177,0.48715382048715383
streehu01,0.0,2.0,11.326027397260274,0.17658442186744072
stuardi01,2.0,2.0,10.887671232876713,0.18369401107196778
suhrgu01,0.0,1.0,10.082191780821917,0.09918478260869566
sullifr01,1.0,2.0,9.871232876712329,0.202608936996947
sundbji01,2.0,3.0,15.484931506849316,0.19373673036093417
surhobj01,1.0,1.0,18.4986301369863,0.05405805687203792
sutclri01,2.0,3.0,17.82191780821918,0.16833205226748654
suttebr01,4.0,6.0,12.345205479452055,0.48601864181091875
suttodo01,4.0,4.0,22.336986301369862,0.1790751870477125
suzukic01,10.0,10.0,15.512328767123288,0.644648534086895
suzukku01,1.0,1.0,9.301369863013699,0.10751104565537555
sweenmi01,4.0,5.0,15.09041095890411,0.3313362381989833
swindgr01,1.0,1.0,16.101369863013698,0.062106516930406676
swishni01,1.0,1.0,11.084931506849315,0.09021255561047949
swishst01,0.0,1.0,8.29041095890411,0.12062128222075347
syndeno01,0.0,1.0,1.3808219178082193,0.7242063492063492
tablepa01,1.0,1.0,11.128767123287671,0.08985721319547021
tanakma01,0.0,1.0,2.4684931506849317,0.40510543840177576
tananfr01,1.0,3.0,20.073972602739726,0.14944724989763886
tartada01,1.0,1.0,12.58904109589041,0.07943416757344941
tayloto02,2.0,2.0,18.471232876712328,0.10827647582319787
tebbebi01,3.0,4.0,16.005479452054793,0.24991441287230404
teherju01,1.0,2.0,5.410958904109589,0.369620253164557
teixema01,3.0,3.0,13.515068493150684,0.22197445773363067
tejadmi01,6.0,6.0,15.964383561643835,0.3758366226188433
tekulke01,0.0,1.0,15.167123287671233,0.06593208092485549
templga01,2.0,3.0,15.164383561643836,0.1978319783197832
templjo01,6.0,6.0,12.254794520547945,0.48960429242119385
tenacge01,1.0,1.0,14.347945205479451,0.06969639106358602
terrybi01,3.0,3.0,13.005479452054795,0.23067200337054983
terryra01,0.0,2.0,10.715068493150685,0.1866530299156226
tettlmi01,2.0,2.0,13.013698630136986,0.15368421052631578
tewksbo01,1.0,1.0,12.468493150684932,0.08020215337288508
thigpbo01,1.0,1.0,7.728767123287671,0.1293867422899681
thomafr03,3.0,3.0,14.794520547945206,0.20277777777777778
thomafr04,3.0,5.0,18.087671232876712,0.2764313844289609
thomago01,1.0,1.0,13.506849315068493,0.07403651115618662
thomale03,2.0,2.0,7.438356164383562,0.26887661141804786
thomeji01,5.0,5.0,21.095890410958905,0.237012987012987
thompja01,2.0,3.0,10.172602739726027,0.2949097764610827
thompju02,1.0,1.0,9.252054794520548,0.10808409831211134
thompro01,0.0,2.0,10.465753424657533,0.19109947643979058
thomsbo01,3.0,3.0,13.863013698630137,0.21640316205533597
thondi01,1.0,1.0,14.378082191780821,0.06955030487804878
thornan01,2.0,2.0,14.101369863013698,0.14183019234505537
thornma01,1.0,1.0,12.106849315068493,0.08259787282190541
tiantlu01,3.0,3.0,18.13972602739726,0.16538287267784324
tillmch01,0.0,1.0,7.1726027397260275,0.13941940412528647
tobinji01,1.0,1.0,8.405479452054795,0.11897001303780964
torrejo01,8.0,9.0,16.736986301369864,0.5377312162383369
trachst01,1.0,1.0,14.726027397260275,0.06790697674418604
trammal01,4.0,6.0,19.068493150684933,0.3146551724137931
travebi01,0.0,1.0,9.167123287671233,0.1090854751942618
travice01,2.0,3.0,14.364383561643836,0.2088498950982262
traynpi01,2.0,2.0,16.923287671232877,0.11818034644649505
treshmi01,0.0,1.0,11.065753424657535,0.09036890319385986
treshto01,2.0,3.0,8.076712328767123,0.37143826322930806
triangu01,2.0,4.0,12.013698630136986,0.3329532497149373
trillma01,4.0,4.0,15.904109589041095,0.25150732127476316
troutdi01,0.0,2.0,18.394520547945206,0.1087280309800417
troutmi01,5.0,5.0,5.241095890410959,0.9539989545216937
truckvi01,2.0,2.0,17.008219178082193,0.11759020618556701
trumbma01,2.0,2.0,6.063013698630137,0.32986895616809764
tucketh01,1.0,1.0,9.046575342465754,0.1105390672319806
tulowtr01,4.0,5.0,10.098630136986301,0.49511665762344004
turlebo01,1.0,3.0,11.986301369863014,0.2502857142857143
turnbde01,1.0,1.0,8.04109589041096,0.12436115843270867
turneji01,0.0,1.0,8.378082191780821,0.11935905820797908
twitcwa01,1.0,1.0,9.06027397260274,0.11037193831267009
ueharko01,1.0,1.0,7.484931506849315,0.13360175695461202
ugglada01,2.0,3.0,9.506849315068493,0.31556195965417866
uptonju01,3.0,3.0,9.175342465753424,0.3269632726186922
urbinug01,2.0,2.0,10.408219178082192,0.1921558304817057
utleych01,5.0,6.0,13.506849315068493,0.44421906693711966
valenel01,1.0,1.0,10.087671232876712,0.099130907115698
valenfe01,5.0,6.0,16.838356164383562,0.3563293198828506
valvejo01,1.0,3.0,10.991780821917809,0.27293120638085744
vandejo01,3.0,4.0,14.04931506849315,0.28471138845553823
vanslan01,2.0,3.0,12.2986301369863,0.24392960570282915
varitja01,2.0,3.0,14.01095890410959,0.2141181071568244
vaughar01,7.0,9.0,16.443835616438356,0.5473175608130623
vaughgr01,2.0,4.0,13.923287671232877,0.2872884691066509
vaughmo01,2.0,3.0,11.854794520547944,0.25306216778368384
vazquja01,1.0,1.0,13.493150684931507,0.07411167512690356
vealebo01,0.0,2.0,12.405479452054795,0.16121908127208479
ventejo01,1.0,1.0,2.4657534246575343,0.40555555555555556
venturo01,2.0,2.0,15.065753424657535,0.13275140934715401
verbaem01,2.0,3.0,6.457534246575342,0.4645736105218498
verlaju01,3.0,6.0,11.254794520547945,0.5331061343719572
vernomi01,7.0,7.0,21.23835616438356,0.3295923632610939
versazo01,2.0,2.0,12.167123287671233,0.16437739247917135
victosh01,1.0,2.0,12.515068493150684,0.1598073555166375
vidrojo01,3.0,3.0,11.164383561643836,0.2687116564417178
vinafe01,1.0,1.0,11.093150684931507,0.09014571499135589
violafr01,3.0,3.0,13.986301369863014,0.21449559255631734
virgioz02,2.0,2.0,9.556164383561644,0.20928899082568808
vizquom01,3.0,3.0,23.517808219178082,0.12756290773532153
vogelry01,0.0,1.0,16.09315068493151,0.06213823629553966
vogtst01,1.0,2.0,4.493150684931507,0.4451219512195122
voisebi01,0.0,1.0,7.854794520547945,0.12731077781653297
volqued01,1.0,1.0,11.095890410958905,0.09012345679012344
vosmijo01,1.0,1.0,13.868493150684932,0.0721058870011853
vottojo01,4.0,4.0,9.084931506849315,0.44028950542822676
wachami01,,1.0,3.3424657534246576,0.29918032786885246
wagnebi02,5.0,7.0,15.065753424657535,0.46462993271503905
wagneha01,1.0,2.0,11.550684931506849,0.17314990512333966
wagnele01,3.0,3.0,11.287671232876713,0.2657766990291262
wainwad01,2.0,3.0,11.065753424657535,0.27110670958157956
waitked01,1.0,2.0,14.441095890410958,0.1384936444697401
wakefdi01,1.0,1.0,10.868493150684932,0.09200907486765818
wakefti01,0.0,1.0,19.164383561643834,0.05218012866333095
waldejo01,1.0,1.0,4.6876712328767125,0.21332554061952075
walkbo01,1.0,1.0,13.353424657534246,0.074887156339762
walkebi01,1.0,1.0,9.01095890410959,0.11097598054119792
walkedi02,4.0,5.0,18.416438356164385,0.2714965783992859
walkege02,0.0,1.0,14.473972602739726,0.06908953246261594
walkeha01,2.0,2.0,14.906849315068493,0.13416651350854622
walkeje01,1.0,1.0,7.227397260273973,0.13836239575435935
walkela01,5.0,5.0,16.13972602739726,0.30979460193515534
wallati01,5.0,5.0,16.073972602739726,0.31106187148457476
wallsle01,1.0,1.0,12.463013698630137,0.08023741481644317
waltebu01,5.0,6.0,18.86027397260274,0.31812899477048223
wanerll01,0.0,1.0,18.443835616438356,0.05421865715983363
wanerpa01,4.0,4.0,19.04931506849315,0.2099813030346613
warddu01,1.0,1.0,9.2,0.10869565217391305
wardga01,2.0,2.0,11.09041095890411,0.18033596837944663
warnelo01,3.0,5.0,15.46027397260274,0.3234095339358497
washicl01,2.0,2.0,15.964383561643835,0.12527887420628112
watsobo01,2.0,2.0,18.07123287671233,0.11067313523347483
watsoto01,1.0,1.0,5.3123287671232875,0.1882413615265601
weaveje02,2.0,3.0,10.342465753424657,0.29006622516556296
webbbr01,2.0,3.0,5.961643835616439,0.5032169117647058
weeksri01,1.0,1.0,13.024657534246575,0.07677745056794279
weisswa01,1.0,1.0,13.232876712328768,0.07556935817805382
welchbo01,2.0,2.0,16.153424657534245,0.12381275440976934
wellsda01,3.0,3.0,20.26027397260274,0.14807302231237324
wellsve01,3.0,3.0,14.093150684931507,0.21286936236391912
wertdo01,1.0,1.0,8.09041095890411,0.12360311547578733
werthja01,1.0,1.0,14.09041095890411,0.07097025082636593
wertzvi01,3.0,4.0,16.44109589041096,0.24329278453591066
westbja01,0.0,1.0,13.293150684931506,0.07522671063478978
westlwa01,1.0,1.0,9.082191780821917,0.110105580693816
westma02,1.0,1.0,10.46027397260274,0.09559979046621267
westrwe01,0.0,2.0,10.04109589041096,0.19918144611186903
westsa01,3.0,4.0,15.449315068493151,0.2589111544600106
wettejo01,2.0,3.0,11.315068493150685,0.2651331719128329
whitalo01,4.0,5.0,18.07123287671233,0.27668283808368704
whitebi03,6.0,8.0,13.391780821917807,0.5973813420621932
whitebu01,2.0,2.0,13.424657534246576,0.14897959183673468
whitede03,3.0,3.0,16.101369863013698,0.18631955079122
whitefr01,5.0,5.0,17.312328767123287,0.2888115208102548
whitero01,1.0,2.0,14.063013698630137,0.1422170270796805
whitero02,1.0,1.0,14.087671232876712,0.07098405289770518
whitesa02,0.0,1.0,10.915068493150685,0.09161646586345382
whitnpi01,1.0,1.0,11.408219178082192,0.08765609990393852
whitsed01,0.0,1.0,14.076712328767123,0.07103931490852472
whitter01,1.0,1.0,14.813698630136987,0.06750508599963011
wickmbo01,2.0,2.0,15.10958904109589,0.13236627379873073
wietema01,3.0,4.0,7.35068493150685,0.5441669772642564
wiggity01,1.0,1.0,11.145205479452056,0.08972468043264503
wilheho01,2.0,8.0,20.24109589041096,0.39523551705468324
willibe02,4.0,5.0,15.246575342465754,0.3279424977538185
willibi01,6.0,6.0,17.16986301369863,0.3494494973671613
willida03,1.0,1.0,5.873972602739726,0.17024253731343283
willido03,1.0,2.0,8.391780821917807,0.23832843617368596
willima04,3.0,5.0,16.147945205479452,0.3096369189005769
willimi02,1.0,1.0,11.093150684931507,0.09014571499135589
willimi03,1.0,2.0,11.252054794520548,0.177745312880448
willisc01,0.0,1.0,8.238356164383562,0.12138343864316593
willist02,1.0,2.0,14.219178082191782,0.14065510597302505
willite01,18.0,19.0,21.457534246575342,0.8854698672114403
williwo02,1.0,1.0,14.367123287671232,0.06960335621662853
willsma01,6.0,7.0,13.33972602739726,0.5247484082973917
wilsobr01,3.0,3.0,8.435616438356165,0.35563494641117244
wilsocj01,1.0,2.0,10.136986301369863,0.1972972972972973
wilsoda01,1.0,1.0,13.07123287671233,0.07650387759379584
wilsodo01,1.0,1.0,8.002739726027396,0.12495720643615202
wilsogl01,1.0,1.0,11.172602739726027,0.0895046591466405
wilsoja02,1.0,1.0,11.284931506849315,0.08861374119932022
wilsoji01,2.0,2.0,17.465753424657535,0.11450980392156862
wilsoji02,1.0,3.0,13.416438356164383,0.22360628956503983
wilsopr01,1.0,1.0,9.0,0.1111111111111111
wilsowi02,2.0,2.0,17.706849315068492,0.1129506421166641
winfida01,12.0,12.0,22.2986301369863,0.5381496498341319
winnra01,1.0,1.0,12.405479452054795,0.08060954063604239
wiseri01,1.0,2.0,17.98904109589041,0.11117879987816022
wittmi01,0.0,2.0,12.191780821917808,0.16404494382022472
wohlema01,1.0,1.0,11.123287671232877,0.08990147783251232
wolfra02,1.0,1.0,16.326027397260273,0.06125188790065448
womacto01,1.0,1.0,12.794520547945206,0.07815845824411134
woodeha01,1.0,1.0,10.978082191780821,0.09109059146493637
woodke02,1.0,2.0,14.10958904109589,0.141747572815534
woodlge01,1.0,1.0,18.994520547945207,0.05264676186355113
woodtr01,0.0,1.0,6.260273972602739,0.15973741794310722
woodwi01,1.0,3.0,17.156164383561645,0.17486426061961033
worreto01,2.0,3.0,12.084931506849315,0.24824302879165722
wrighcl01,1.0,1.0,9.287671232876713,0.10766961651917403
wrighda03,7.0,7.0,11.857534246575343,0.5903419593345656
wrighst01,0.0,1.0,3.3589041095890413,0.29771615008156604
wyattjo02,1.0,1.0,7.64931506849315,0.13073065902578798
wyattwh01,2.0,4.0,15.846575342465753,0.2524204702627939
wynegbu01,2.0,2.0,12.131506849315068,0.16485998193315268
wynnea01,7.0,8.0,24.016438356164382,0.33310517910107235
wynnji01,3.0,3.0,14.227397260273973,0.21086077411900636
wyrosjo01,2.0,2.0,12.052054794520547,0.1659468060922937
wyseha01,0.0,1.0,8.772602739726027,0.11399125546533417
yastrca01,14.0,18.0,22.49041095890411,0.8003410890486051
yorkru01,5.0,7.0,14.09041095890411,0.49679175578456153
yosted01,0.0,1.0,17.958904109589042,0.055682684973302816
youklke01,3.0,3.0,9.084931506849315,0.33021712907117007
youngch03,1.0,1.0,12.106849315068493,0.08259787282190541
youngch04,1.0,1.0,10.131506849315068,0.09870200108166577
youngdm01,1.0,2.0,11.873972602739727,0.16843562528841716
younger01,1.0,1.0,14.147945205479452,0.07068164213787761
youngjo02,1.0,1.0,13.465753424657533,0.07426246185147509
youngma01,1.0,1.0,10.342465753424657,0.09668874172185431
youngmi02,6.0,7.0,13.008219178082191,0.5381213142375737
yountro01,3.0,3.0,19.50958904109589,0.1537705378458082
zachrpa01,0.0,1.0,9.136986301369863,0.10944527736131934
zakfr01,0.0,1.0,2.136986301369863,0.46794871794871795
zambrca01,2.0,3.0,11.095890410958905,0.27037037037037037
zarilal01,1.0,1.0,10.24931506849315,0.0975674953221064
zernigu01,1.0,1.0,10.441095890410958,0.09577538703752296
zimmedo01,1.0,2.0,11.26027397260274,0.17761557177615572
zimmeje02,1.0,1.0,2.4876712328767123,0.40198237885462557
zimmejo02,0.0,2.0,7.454794520547945,0.2682837192208747
zimmery01,1.0,1.0,11.093150684931507,0.09014571499135589
ziskri01,2.0,2.0,12.043835616438356,0.16606005459508644
zitoba01,2.0,3.0,15.2,0.19736842105263158
zobribe01,2.0,3.0,10.178082191780822,0.29475100942126514
